customer_id,payment_score,spending_score,credit_stress_score,anomaly_score,composite_score,tier,utilization,velocity_decline_pct,payment_decay_pct
1,20.0,0.0,100.0,100.0,43.0,MONITOR,0.5665050983014963,0.0,0.0
2,20.0,100.0,0.0,100.0,43.0,MONITOR,0.25232182177770857,0.02892090796566175,0.0
3,100.0,100.0,100.0,100.0,92.0,INTERVENE,1.0,0.09483176372713485,0.9732141651557473
4,0.0,91.71145705032107,100.0,100.0,59.92786426258027,ENGAGE,0.23333347537957388,0.0,0.0
5,100.0,6.5086446784462515,100.0,100.0,68.62716116961155,ENGAGE,0.20032669991119378,0.0,0.0
6,100.0,100.0,0.0,100.0,67.0,ENGAGE,0.2261957034584098,0.0,0.024641216670785962
7,100.0,100.0,100.0,100.0,92.0,INTERVENE,0.18706812095053882,0.2747184680032531,0.0
8,100.0,100.0,0.0,100.0,67.0,ENGAGE,0.2884477152553163,0.44634993984337173,0.0
9,100.0,100.0,100.0,100.0,92.0,INTERVENE,0.14079237724364052,0.26776368575595105,0.9825349479204364
10,100.0,21.481446592195585,100.0,100.0,72.3703616480489,ENGAGE,0.21833025071209108,0.0,0.0
11,100.0,0.0,89.99216726478365,100.0,64.49804181619591,ENGAGE,0.11347135712239698,0.0,0.7789517332906344
12,100.0,100.0,0.0,100.0,67.0,ENGAGE,0.1996472838570245,0.4844675242051125,0.6027775751328511
13,100.0,30.0,0.0,100.0,49.5,MONITOR,0.2198323078807622,0.0,0.0
14,100.0,100.0,100.0,100.0,92.0,INTERVENE,0.6972856950623724,0.0,0.0
15,80.0,30.0,100.0,100.0,68.5,ENGAGE,0.2529964003921448,0.0,0.0
16,20.0,5.7966283438861534,100.0,100.0,44.449157085971535,MONITOR,1.0,0.0,0.0
17,100.0,100.0,100.0,100.0,92.0,INTERVENE,0.16238520585945201,0.0,0.8505910422265013
18,100.0,100.0,100.0,100.0,92.0,INTERVENE,0.3315391197333187,0.0,0.0
19,40.0,88.64560428916465,100.0,100.0,71.16140107229117,ENGAGE,0.18329236234628743,0.0,0.0
20,100.0,100.0,0.0,100.0,67.0,ENGAGE,0.2478578997736187,0.10317076073698339,0.28967259223462627
21,100.0,100.0,0.0,100.0,67.0,ENGAGE,0.35254971285042236,0.11779537150904155,0.1821565751652337
22,100.0,100.0,0.0,100.0,67.0,ENGAGE,0.036686762334138985,0.22470665527815722,0.11756277500885262
23,40.0,100.0,100.0,100.0,74.0,ENGAGE,0.253963352581748,0.24237078333187873,0.0
24,100.0,100.0,100.0,100.0,92.0,INTERVENE,0.14993169140459842,0.31049019304855974,0.08585469019661406
25,100.0,100.0,100.0,100.0,92.0,INTERVENE,0.12171328907004138,0.0,0.05277524562684747
26,100.0,100.0,100.0,100.0,92.0,INTERVENE,0.11634114656384004,0.305686445747717,0.742993945391136
27,100.0,100.0,60.0,100.0,82.0,INTERVENE,0.20879276338796984,0.3100956465600664,0.48072315639576596
28,100.0,100.0,0.0,100.0,67.0,ENGAGE,0.14076822229627087,0.4191259714246572,0.6102686918692316
29,100.0,100.0,100.0,100.0,92.0,INTERVENE,0.9051722056107369,0.0,0.7597741842732582
30,60.0,100.0,100.0,100.0,80.0,INTERVENE,0.2072708325496275,0.24254665810621961,0.0
31,100.0,100.0,100.0,100.0,92.0,INTERVENE,0.3153732028612395,0.0,0.0
32,100.0,100.0,100.0,100.0,92.0,INTERVENE,0.80978542974506,0.04244272975632714,0.07497735650163725
33,100.0,0.0,100.0,100.0,67.0,ENGAGE,1.0,0.0,0.0
34,100.0,100.0,0.0,100.0,67.0,ENGAGE,0.15748388684397452,0.25816938406103,0.1492697635065307
35,20.0,0.0,100.0,100.0,43.0,MONITOR,0.98336338255069,0.0,0.0
36,100.0,100.0,0.0,100.0,67.0,ENGAGE,0.1299768167265108,0.4054433795377793,0.0
37,100.0,100.0,0.0,100.0,67.0,ENGAGE,0.009419368864990818,0.2646919400537831,0.8912002809251169
38,100.0,100.0,100.0,100.0,92.0,INTERVENE,0.4433576198791291,0.0,0.0
39,100.0,100.0,0.0,100.0,67.0,ENGAGE,0.11032255990277524,0.6268555642689113,0.7344840721733075
40,80.0,100.0,100.0,100.0,86.0,INTERVENE,0.5017291685168251,0.0,0.0
41,100.0,0.0,100.0,100.0,67.0,ENGAGE,0.7223046960461366,0.0,0.0
42,100.0,0.0,100.0,100.0,67.0,ENGAGE,0.28823374132219,0.0,0.0
43,100.0,100.0,0.0,100.0,67.0,ENGAGE,0.09848853935229585,0.4148091386154414,0.9667846362930981
44,100.0,100.0,0.0,100.0,67.0,ENGAGE,0.16854735969106358,0.0,0.0
45,100.0,100.0,0.0,100.0,67.0,ENGAGE,0.3260598308484,0.0,0.0
46,100.0,100.0,100.0,100.0,92.0,INTERVENE,1.0,0.15364461039224883,0.9593257634796857
47,100.0,0.0,0.0,100.0,42.0,MONITOR,0.20635929231566988,0.0,0.0
48,100.0,100.0,0.0,100.0,67.0,ENGAGE,0.3429174043025611,0.0914276784330062,0.0
49,100.0,100.0,100.0,100.0,92.0,INTERVENE,0.45169775443415566,0.13664541587709694,0.0
50,100.0,69.81007421674596,100.0,100.0,84.4525185541865,INTERVENE,0.20520971095116947,0.0,0.0
51,100.0,24.868028067892844,0.0,100.0,48.21700701697321,MONITOR,0.19299205418399548,0.0,0.0
52,100.0,100.0,0.0,100.0,67.0,ENGAGE,0.3146697912457496,0.06552582523208644,0.2204814699411409
53,100.0,100.0,100.0,100.0,92.0,INTERVENE,0.596829150361742,0.0,0.0
54,100.0,100.0,0.0,100.0,67.0,ENGAGE,0.19717957904648203,0.0,0.0
55,100.0,25.6190459536363,21.39733023069136,100.0,53.75409404608191,ENGAGE,0.33436635327319614,0.0,0.0
56,100.0,100.0,100.0,100.0,92.0,INTERVENE,0.22830481125979027,0.0,0.0
57,0.0,97.76421530502927,100.0,100.0,61.44105382625732,ENGAGE,0.25261234687099804,0.0,0.0
58,100.0,100.0,0.0,100.0,67.0,ENGAGE,0.1366241187850939,0.27854690756766015,0.33191635386528356
59,100.0,0.0,100.0,100.0,67.0,ENGAGE,0.5048231456160039,0.0,0.0
60,100.0,100.0,0.0,100.0,67.0,ENGAGE,0.08857575502625008,0.1363944215706331,0.36704966097220587
61,100.0,100.0,100.0,100.0,92.0,INTERVENE,0.2708447634620888,0.16146268734656172,0.0
62,60.0,0.0,100.0,100.0,55.0,ENGAGE,0.2753689929811261,0.0,0.0
63,100.0,100.0,0.0,100.0,67.0,ENGAGE,0.14314870540537264,0.19966904082893244,0.09771413529712958
64,100.0,100.0,0.0,100.0,67.0,ENGAGE,0.11730069781148852,0.40098761970512203,0.5495467907131306
65,100.0,0.0,0.0,100.0,42.0,MONITOR,0.3853618815814301,0.0,0.9765925156432204
66,100.0,100.0,0.0,100.0,67.0,ENGAGE,0.1276055084898977,0.0,0.0
67,100.0,100.0,100.0,100.0,92.0,INTERVENE,0.2931063345931915,0.13438220267715947,0.9674868979183787
68,100.0,100.0,100.0,100.0,92.0,INTERVENE,0.2727273875946423,0.20011574767407544,0.0
69,100.0,100.0,0.0,100.0,67.0,ENGAGE,0.45050165272769666,0.056428903941588476,0.40789158199427605
70,100.0,100.0,0.0,100.0,67.0,ENGAGE,0.09517997325510179,0.43987016290626824,0.40627393451134797
71,100.0,100.0,0.0,100.0,67.0,ENGAGE,0.39194357828171855,0.15053206847500092,0.5541108587270326
72,100.0,100.0,0.0,100.0,67.0,ENGAGE,0.053526746024058804,0.2192118332320288,0.4664047199247543
73,100.0,100.0,0.0,100.0,67.0,ENGAGE,0.22876044109521815,0.0382134399446533,0.12659427281833077
74,100.0,100.0,0.0,100.0,67.0,ENGAGE,0.24574311564597748,0.2909645612253035,0.3471467098503926
75,100.0,0.5589892314057654,100.0,100.0,67.13974730785144,ENGAGE,0.2705987275626343,0.0,0.12000665064812373
76,100.0,100.0,0.0,100.0,67.0,ENGAGE,0.33543702713685314,0.14619510336760105,0.10813378938328662
77,100.0,100.0,0.0,100.0,67.0,ENGAGE,0.24305342871129387,0.29953344857514524,0.0
78,100.0,0.0,100.0,100.0,67.0,ENGAGE,0.2411118889480141,0.0,0.0
79,100.0,100.0,100.0,100.0,92.0,INTERVENE,0.12451678874695117,0.060976917317942456,0.0
80,100.0,100.0,100.0,100.0,92.0,INTERVENE,0.17076244610352462,0.06655108035389536,0.9325094051756294
81,100.0,100.0,0.0,100.0,67.0,ENGAGE,0.1435457417216898,0.0533645242456379,0.13595277616190418
82,100.0,100.0,0.0,100.0,67.0,ENGAGE,0.09809720770113663,0.21714337277752832,0.5539748083477176
83,100.0,0.0,100.0,100.0,67.0,ENGAGE,0.43531241404213356,0.0,0.0
84,100.0,100.0,0.0,100.0,67.0,ENGAGE,0.12403127371299619,0.09642602986166084,0.9706993739828036
85,100.0,100.0,0.0,100.0,67.0,ENGAGE,0.08468534049332903,0.4833838858392681,0.28956649250216926
86,80.0,98.43162814217155,28.074247556919918,100.0,67.62646892477287,ENGAGE,0.14013163645931168,0.0012452588449491627,0.0
87,60.0,100.0,100.0,100.0,80.0,INTERVENE,0.1960973639519322,0.2926561246436531,0.0
88,100.0,100.0,0.0,100.0,67.0,ENGAGE,0.1805043407262088,0.1305571388231554,0.10415100308682304
89,20.0,100.0,100.0,100.0,68.0,ENGAGE,0.18648860414548887,0.0,0.0
90,100.0,100.0,0.0,100.0,67.0,ENGAGE,0.2567649922603741,0.3539519278695465,0.21976527335593096
91,100.0,100.0,0.0,100.0,67.0,ENGAGE,0.15951179830796447,0.31937087244494533,0.36623325428662573
92,100.0,100.0,0.0,100.0,67.0,ENGAGE,0.13606029049212667,0.2935834785918727,0.5089368389674761
93,100.0,100.0,100.0,100.0,92.0,INTERVENE,0.4971443530905527,0.021338402702176202,0.0
94,100.0,100.0,0.0,100.0,67.0,ENGAGE,0.03922382893204229,0.4905575337574018,0.6370722182800509
95,100.0,100.0,0.0,100.0,67.0,ENGAGE,0.15386071922034825,0.0,0.0
96,100.0,30.0,0.0,100.0,49.5,MONITOR,0.33180890703613725,0.0,0.0
97,100.0,100.0,100.0,100.0,92.0,INTERVENE,1.0,0.0,0.8927706136160021
98,100.0,100.0,100.0,100.0,92.0,INTERVENE,0.48475778935708846,0.0,0.957430854420469
99,20.0,30.0,100.0,100.0,50.5,MONITOR,0.16057054616105523,0.0,0.0
100,100.0,100.0,100.0,100.0,92.0,INTERVENE,0.18558872497170298,0.15564867646804362,0.9480553664786313
101,100.0,100.0,0.0,100.0,67.0,ENGAGE,0.11425516567128423,0.5165918117521218,0.9833509794416045
102,100.0,100.0,100.0,100.0,92.0,INTERVENE,0.13565804569645035,0.16633595709454774,0.2080186087285529
103,100.0,0.0,100.0,100.0,67.0,ENGAGE,0.2488996241617682,0.0,0.07044295620467439
104,0.0,100.0,79.14370884848985,100.0,56.78592721212246,ENGAGE,0.47845304786498255,0.0,0.0
105,80.0,0.0,100.0,100.0,61.0,ENGAGE,0.6307838630797098,0.0,0.0
106,100.0,100.0,0.0,100.0,67.0,ENGAGE,0.6278317801294968,0.6139456237347477,0.4214752612280788
107,40.0,100.0,100.0,100.0,74.0,ENGAGE,0.02741238527150485,0.13276481368168072,0.0
108,100.0,100.0,0.0,100.0,67.0,ENGAGE,0.12326604266390119,0.17196295502162715,0.9740860011368238
109,100.0,100.0,100.0,100.0,92.0,INTERVENE,0.28844653815556864,0.0,0.0
110,100.0,100.0,0.0,100.0,67.0,ENGAGE,0.6096550417956761,0.0746440793152286,0.09148972371560622
111,100.0,100.0,0.0,100.0,67.0,ENGAGE,0.20406587943529178,0.4725547470579644,0.0
112,100.0,0.0,100.0,100.0,67.0,ENGAGE,0.11648705015216014,0.0,0.0
113,100.0,100.0,100.0,100.0,92.0,INTERVENE,0.22909583001265005,0.08241023601726082,0.32478995913781816
114,100.0,0.0,100.0,100.0,67.0,ENGAGE,0.7985932962286948,0.0,0.9269880971732205
115,100.0,100.0,100.0,100.0,92.0,INTERVENE,0.06505072795699506,0.23163113705324223,0.04330687135789986
116,100.0,100.0,0.0,100.0,67.0,ENGAGE,0.14397708496933936,0.09459076438489199,0.3989526521255893
117,100.0,0.0,0.0,100.0,42.0,MONITOR,0.3373059192909788,0.0,0.0
118,100.0,100.0,90.0,100.0,89.5,INTERVENE,0.0969614307677197,0.6581994574230386,0.6105951585061371
119,100.0,100.0,0.0,100.0,67.0,ENGAGE,0.6314943852971534,0.28208183512516233,0.9809628659385543
120,100.0,100.0,0.0,100.0,67.0,ENGAGE,0.10263002730470264,0.5404472990935294,0.4214548786466637
121,0.0,100.0,0.0,100.0,37.0,MONITOR,0.35546222143914324,0.37612900604346416,0.0
122,20.0,100.0,100.0,100.0,68.0,ENGAGE,0.15727151391383745,0.2742216815633224,0.0
123,100.0,100.0,0.0,100.0,67.0,ENGAGE,0.362390714476278,0.1405964858125152,0.1943481846670309
124,100.0,0.0,100.0,100.0,67.0,ENGAGE,0.5736921499301921,0.0,0.0
125,100.0,32.09261104715967,100.0,100.0,75.02315276178992,ENGAGE,0.3689081558064434,0.0,0.0
126,100.0,100.0,100.0,100.0,92.0,INTERVENE,0.8952481953835644,0.13027258773244318,0.09826953337185719
127,100.0,100.0,100.0,100.0,92.0,INTERVENE,1.0,0.08561316137402805,0.0
128,100.0,100.0,100.0,100.0,92.0,INTERVENE,0.7198677744592396,0.0,0.0
129,100.0,70.51554919426783,0.0,100.0,59.62888729856696,ENGAGE,0.31494124811903945,0.017722433330654062,0.3657181106491561
130,100.0,100.0,60.0,100.0,82.0,INTERVENE,0.12452660430625427,0.3928292389267016,0.38109331572133287
131,100.0,100.0,0.0,100.0,67.0,ENGAGE,0.36432237818655333,0.1466814696201355,0.09877381705499315
132,100.0,0.0,100.0,100.0,67.0,ENGAGE,0.3770367129225655,0.0,0.0
133,80.0,0.0,100.0,100.0,61.0,ENGAGE,0.6739176899145913,0.0,0.0
134,100.0,100.0,0.0,100.0,67.0,ENGAGE,0.09923010754178416,0.3179328141053453,0.272276570085234
135,100.0,100.0,0.0,100.0,67.0,ENGAGE,0.13482421351055848,0.48078565392987965,0.0
136,100.0,1.6817811404648553,0.0,100.0,42.420445285116216,MONITOR,0.43588491736109963,0.0,0.9239314305168608
137,100.0,100.0,100.0,100.0,92.0,INTERVENE,0.22847451727380605,0.0,0.0
138,100.0,30.0,100.0,100.0,74.5,ENGAGE,0.23812586437279037,0.0,0.15309989970250934
139,100.0,100.0,100.0,100.0,92.0,INTERVENE,0.4585829716359414,0.13658669034090906,0.18738171387136268
140,100.0,100.0,100.0,100.0,92.0,INTERVENE,0.7723101738932949,0.03413754717460126,0.0
141,100.0,100.0,0.0,100.0,67.0,ENGAGE,0.2239242195519781,0.20787414022776116,0.40560044054949346
142,100.0,88.80954866870489,100.0,100.0,89.20238716717623,INTERVENE,0.3198602581895223,0.0,0.0
143,20.0,30.0,100.0,100.0,50.5,MONITOR,0.2005904866382374,0.0,0.0
144,100.0,100.0,0.0,100.0,67.0,ENGAGE,0.1322206063451511,0.3459893701831696,0.39539147233207506
145,100.0,100.0,0.0,100.0,67.0,ENGAGE,0.5859915113481374,0.1573859069925092,0.02933186657837262
146,100.0,0.0,100.0,100.0,67.0,ENGAGE,0.46699572384970955,0.0,0.0
147,100.0,100.0,0.0,100.0,67.0,ENGAGE,0.17923691092126648,0.5846564469978399,0.5821352331508104
148,100.0,30.0,100.0,100.0,74.5,ENGAGE,0.15366163610858893,0.0,0.0
149,100.0,13.228622085695163,100.0,100.0,70.3071555214238,ENGAGE,0.3518835296484016,0.0037796063101986177,0.0
150,100.0,100.0,0.0,100.0,67.0,ENGAGE,0.394051795903775,0.6665476282643725,0.7118331929621443
151,100.0,100.0,0.0,100.0,67.0,ENGAGE,0.008223870306787536,0.2375349999237111,0.49499967275713525
152,100.0,100.0,0.0,100.0,67.0,ENGAGE,0.1715159776975894,0.14058998335792852,0.49411582338913457
153,100.0,100.0,0.0,100.0,67.0,ENGAGE,0.18035665109670695,0.0,0.0
154,80.0,69.03221899890357,100.0,100.0,78.25805474972589,INTERVENE,0.8123359127044736,0.0,0.0
155,100.0,100.0,0.0,100.0,67.0,ENGAGE,0.11541618943722397,0.023872388723234248,0.3932913494265287
156,60.0,100.0,100.0,100.0,80.0,INTERVENE,0.11839821914122069,0.0,0.0
157,100.0,100.0,0.0,100.0,67.0,ENGAGE,0.1600487454036342,0.0,0.9763369649135606
158,100.0,100.0,0.0,100.0,67.0,ENGAGE,0.13708015467370208,0.3174991788446718,0.96456315893548
159,100.0,100.0,100.0,100.0,92.0,INTERVENE,0.21926595482212374,0.0,0.0
160,100.0,0.0,0.0,100.0,42.0,MONITOR,0.1876210964053165,0.0,0.4363720338758751
161,100.0,100.0,0.0,100.0,67.0,ENGAGE,0.10893514400369506,0.2729477286285701,0.45583170306823073
162,100.0,100.0,0.0,100.0,67.0,ENGAGE,0.14992016661788146,0.3663625005706118,0.473909451354822
163,80.0,100.0,100.0,100.0,86.0,INTERVENE,0.10739773109694803,0.02569514739490114,0.0
164,60.0,100.0,0.0,100.0,55.0,ENGAGE,0.28530898545235445,0.0,0.0
165,80.0,100.0,0.0,100.0,61.0,ENGAGE,0.21766325951009846,0.0,0.0
166,100.0,59.745787776347846,100.0,100.0,81.93644694408695,INTERVENE,0.26615573564228895,0.0,0.0
167,100.0,100.0,100.0,100.0,92.0,INTERVENE,0.20337103727756886,0.0,0.0
168,80.0,100.0,0.0,100.0,61.0,ENGAGE,0.17340712497270674,0.10763754758754646,0.0
169,100.0,30.0,100.0,100.0,74.5,ENGAGE,0.39951944631632524,0.0,0.0
170,100.0,100.0,0.0,100.0,67.0,ENGAGE,0.22603851548555415,0.2833632406704559,0.33042464222163487
171,100.0,100.0,100.0,100.0,92.0,INTERVENE,0.1695795573236264,0.26755157447346567,0.08557045791790353
172,100.0,100.0,100.0,100.0,92.0,INTERVENE,0.602254140797751,0.0,0.0
173,20.0,100.0,90.0,100.0,65.5,ENGAGE,0.07150047637932541,0.23554751718561184,0.0
174,100.0,100.0,0.0,100.0,67.0,ENGAGE,0.11967641334928981,0.3348616757853314,0.11256985951369902
175,100.0,30.0,100.0,100.0,74.5,ENGAGE,0.3139211040559977,0.0,0.04780156928648478
176,100.0,100.0,100.0,100.0,92.0,INTERVENE,0.762311706929773,0.10591605300908026,0.06622474125946576
177,100.0,100.0,100.0,100.0,92.0,INTERVENE,0.16550265440045936,0.0,0.0
178,20.0,50.93084260578418,40.597136228508155,100.0,40.88199470857308,MONITOR,0.5945426347600868,0.0,0.0
179,100.0,44.005517791726,100.0,100.0,78.0013794479315,INTERVENE,0.3134276811315563,0.012573005083350287,0.0
180,80.0,25.650162265975496,100.0,100.0,67.41254056649387,ENGAGE,0.3936661718896932,0.0,0.0
181,80.0,100.0,100.0,100.0,86.0,INTERVENE,0.4508209318706991,0.0,0.0
182,100.0,100.0,100.0,100.0,92.0,INTERVENE,0.16027503903181772,0.07321869082937933,0.12772813453799592
183,100.0,0.0,0.0,100.0,42.0,MONITOR,0.3150334041196571,0.0,0.3714048056345732
184,100.0,100.0,0.0,100.0,67.0,ENGAGE,0.049626086930697616,0.35176040903608524,0.24506252286015526
185,100.0,100.0,100.0,100.0,92.0,INTERVENE,0.7600927350279135,0.3393144320386386,0.389588485612536
186,100.0,30.0,100.0,100.0,74.5,ENGAGE,0.1680920992802139,0.0,0.9232285568010558
187,100.0,0.0,100.0,100.0,67.0,ENGAGE,0.13252462037947854,0.0,0.1751336073128682
188,100.0,0.0,0.0,100.0,42.0,MONITOR,0.26904975509233076,0.0,0.050434009814100025
189,100.0,100.0,100.0,100.0,92.0,INTERVENE,0.39459726310984644,0.17755127467857612,0.1966346475887942
190,73.72245220110477,100.0,0.0,100.0,59.11673566033143,ENGAGE,0.19352386060336974,0.3398503974219335,0.017907484067034924
191,100.0,100.0,0.0,100.0,67.0,ENGAGE,0.18630297125329795,0.05886982512421952,0.0
192,100.0,0.0,100.0,100.0,67.0,ENGAGE,0.5598441552119836,0.0,0.0
193,100.0,9.056555936963889,100.0,100.0,69.26413898424097,ENGAGE,0.26536650600258693,0.0,0.17612057384681196
194,100.0,100.0,100.0,100.0,92.0,INTERVENE,0.07244723806667144,0.6813138943693612,0.9868325931077232
195,100.0,100.0,0.0,100.0,67.0,ENGAGE,0.4330475638990876,0.2725192607092721,0.3779545554093745
196,20.0,0.0,100.0,100.0,43.0,MONITOR,0.42817811101055153,0.0,0.0
197,100.0,30.0,0.0,100.0,49.5,MONITOR,0.26072913074599985,0.0,0.3885881905583305
198,100.0,100.0,0.0,100.0,67.0,ENGAGE,0.12507998710694768,0.3297245527046715,0.5743030550597724
199,100.0,0.0,59.80296459605463,100.0,56.95074114901366,ENGAGE,0.13068447120662022,0.0,0.0
200,100.0,0.0,100.0,100.0,67.0,ENGAGE,0.9407793479557722,0.0,0.0
201,100.0,100.0,100.0,100.0,92.0,INTERVENE,0.7222524517125386,0.3429575409200718,0.4443603558377587
202,100.0,0.0,100.0,100.0,67.0,ENGAGE,0.09731989705975072,0.0,0.0
203,100.0,100.0,0.0,100.0,67.0,ENGAGE,0.19052675468866437,0.5497545984267055,0.3838644168272799
204,100.0,0.0,100.0,100.0,67.0,ENGAGE,0.9785337718910634,0.0,0.2693844109469106
205,100.0,100.0,100.0,100.0,92.0,INTERVENE,0.09701589327436472,0.24586117775143398,0.0
206,100.0,0.0,0.0,100.0,42.0,MONITOR,0.18924420302156603,0.0,0.0
207,100.0,100.0,0.0,100.0,67.0,ENGAGE,0.20824315590809137,0.27071472457193124,0.9629377404495868
208,100.0,100.0,0.0,100.0,67.0,ENGAGE,0.33662874249425173,0.18981349895553803,0.2828303537485739
209,100.0,0.0,0.0,100.0,42.0,MONITOR,0.4634191195953347,0.0,0.0
210,40.0,100.0,100.0,100.0,74.0,ENGAGE,0.18485918404860172,0.0,0.0
211,100.0,100.0,0.0,100.0,67.0,ENGAGE,0.3795171789370515,0.3513601257477373,0.5513802821791634
212,100.0,100.0,0.0,100.0,67.0,ENGAGE,0.17893806132633822,0.10209639310183122,0.0
213,40.0,0.0,100.0,100.0,49.0,MONITOR,0.20731817546331824,0.0,0.0
214,100.0,100.0,0.0,100.0,67.0,ENGAGE,0.5154612638729604,0.27077767369929234,0.4629402839369552
215,20.0,30.0,100.0,100.0,50.5,MONITOR,0.26659951369914514,0.0,0.0
216,100.0,9.844835633654553,0.0,100.0,44.46120890841364,MONITOR,0.3788823655961769,0.0028128101810441578,0.1788707771591032
217,100.0,100.0,100.0,100.0,92.0,INTERVENE,1.0,0.0,0.9115311094865077
218,100.0,100.0,0.0,100.0,67.0,ENGAGE,0.2872580861547515,0.2970775250915463,0.18484825701287025
219,100.0,87.54669175922602,100.0,100.0,88.8866729398065,INTERVENE,1.0,0.0,0.0
220,100.0,100.0,0.0,100.0,67.0,ENGAGE,0.49129508482804124,0.4866907607873445,0.6700017356020656
221,60.0,0.0,100.0,100.0,55.0,ENGAGE,1.0,0.0,0.0
222,100.0,100.0,100.0,100.0,92.0,INTERVENE,0.3194971336786729,0.011573058903242363,0.0
223,100.0,100.0,0.0,100.0,67.0,ENGAGE,0.032517314585481384,0.0,0.0
224,100.0,100.0,100.0,100.0,92.0,INTERVENE,0.32117591485336305,0.536048620992048,0.1919558310266688
225,100.0,100.0,0.0,100.0,67.0,ENGAGE,0.12223083306053316,0.4831252862845916,0.5896907081197588
226,100.0,100.0,0.0,100.0,67.0,ENGAGE,0.21342965249132748,0.24067078059834793,0.9427339933115896
227,100.0,0.0,100.0,100.0,67.0,ENGAGE,0.8514342590379709,0.0,0.0
228,100.0,0.0,100.0,100.0,67.0,ENGAGE,0.34074818802035,0.0,0.0
229,100.0,0.0,100.0,100.0,67.0,ENGAGE,0.3543176834886731,0.0,0.0
230,100.0,100.0,100.0,100.0,92.0,INTERVENE,0.10836401369237841,0.0,0.0
231,100.0,100.0,0.0,100.0,67.0,ENGAGE,0.27700430278614796,0.38236972517024564,0.07299615913861024
232,60.0,100.0,0.0,100.0,55.0,ENGAGE,0.21294935679269159,0.12548378484870673,0.0
233,100.0,100.0,0.0,100.0,67.0,ENGAGE,0.2015132451554425,0.08915715197133191,0.25150241492158276
234,80.0,100.0,100.0,100.0,86.0,INTERVENE,0.40423033008012665,0.0,0.0
235,100.0,100.0,0.0,100.0,67.0,ENGAGE,0.16723387380488125,0.35666757179248104,0.0
236,100.0,100.0,100.0,100.0,92.0,INTERVENE,0.056193237352730165,0.01959239907674935,0.0
237,100.0,100.0,100.0,100.0,92.0,INTERVENE,0.2236740969610473,0.1042994311842227,0.0184515295953175
238,20.0,100.0,100.0,100.0,68.0,ENGAGE,0.13875690032639665,0.0,0.0
239,100.0,100.0,0.0,100.0,67.0,ENGAGE,0.08391361524477163,0.5137903678037673,0.4279419264287658
240,100.0,58.38454704713183,100.0,100.0,81.59613676178296,INTERVENE,0.981729231471223,0.0,0.0
241,0.0,0.0,100.0,100.0,37.0,MONITOR,0.3174982134995772,0.0,0.0
242,100.0,100.0,100.0,100.0,92.0,INTERVENE,0.16120195746647165,0.2109914916373577,0.0
243,100.0,50.430287832042566,100.0,100.0,79.60757195801064,INTERVENE,0.7343856600360873,0.0,0.0
244,100.0,55.82472710114188,0.0,100.0,55.95618177528547,ENGAGE,0.21132205023512987,0.01594992202889768,0.0
245,100.0,100.0,0.0,100.0,67.0,ENGAGE,0.08228252249852525,0.0,0.28697487027768664
246,100.0,76.49135107890535,0.0,100.0,61.12283776972634,ENGAGE,0.2502369155331253,0.021854671736830103,0.13887906175621448
247,100.0,100.0,100.0,100.0,92.0,INTERVENE,0.4712177227635419,0.0,0.0
248,100.0,100.0,0.0,100.0,67.0,ENGAGE,0.12902616277854986,0.14909354440849587,0.0
249,100.0,80.9958181800863,100.0,100.0,87.24895454502158,INTERVENE,0.09627985473821701,0.023141662337167516,0.14841650099627354
250,100.0,100.0,0.0,100.0,67.0,ENGAGE,0.14478638122105328,0.22617267096948854,0.5619608930979363
251,100.0,100.0,0.0,100.0,67.0,ENGAGE,0.2730078549519956,0.46361804885708857,0.5803295571804589
252,80.0,100.0,0.0,100.0,61.0,ENGAGE,0.47568073879499617,0.0,0.0
253,100.0,0.0,100.0,100.0,67.0,ENGAGE,0.7524208824782871,0.0,0.0
254,100.0,100.0,0.0,100.0,67.0,ENGAGE,0.14085485018744215,0.29281604126254085,0.43449363095410115
255,100.0,38.26034974351911,100.0,100.0,76.56508743587978,INTERVENE,0.34247004946777077,0.0,0.0
256,100.0,100.0,0.0,100.0,67.0,ENGAGE,0.07938980426020129,0.5188109428162652,0.43570976585050814
257,0.0,100.0,0.0,100.0,37.0,MONITOR,0.3099806944221108,0.0,0.0
258,100.0,100.0,0.0,100.0,67.0,ENGAGE,0.10981453268774613,0.3066912787621929,0.27191344809649054
259,100.0,100.0,0.0,100.0,67.0,ENGAGE,0.19382228169973853,0.30948654448261953,0.528397457684593
260,100.0,100.0,0.0,100.0,67.0,ENGAGE,0.13194640284340634,0.4737208894016757,0.4200661146206078
261,40.0,0.0,100.0,100.0,49.0,MONITOR,0.1728284882984085,0.0,0.0
262,100.0,100.0,100.0,100.0,92.0,INTERVENE,0.7151312604952238,0.1422172583375984,0.0
263,100.0,100.0,100.0,100.0,92.0,INTERVENE,0.37645708593312593,0.0,0.5609897027106049
264,100.0,100.0,100.0,100.0,92.0,INTERVENE,1.0,0.0,0.0
265,0.0,0.0,100.0,100.0,37.0,MONITOR,0.8120625242418914,0.0,0.0
266,100.0,0.0,100.0,100.0,67.0,ENGAGE,0.7244293480113501,0.0,0.0
267,100.0,100.0,0.0,100.0,67.0,ENGAGE,0.27796155920180615,0.49011492078754965,0.0
268,20.0,100.0,19.63559098366544,100.0,47.90889774591636,MONITOR,0.22859820019088048,0.014984500515455678,0.0
269,20.0,100.0,0.0,100.0,43.0,MONITOR,0.1629932893357842,0.0,0.0
270,100.0,57.24567645126505,100.0,100.0,81.31141911281625,INTERVENE,1.0,0.0,0.0
271,100.0,25.594430549334355,100.0,100.0,73.39860763733358,ENGAGE,0.7526943882668015,0.0018809752490317301,0.905798592159746
272,100.0,100.0,0.0,100.0,67.0,ENGAGE,0.09534541990753201,0.035624504101499796,0.9154973987914072
273,100.0,100.0,0.0,100.0,67.0,ENGAGE,0.10400483456817575,0.14127123736682584,0.8960437318727337
274,100.0,100.0,100.0,100.0,92.0,INTERVENE,0.061679865006816104,0.0,0.0
275,100.0,0.0,0.0,100.0,42.0,MONITOR,0.15769503108301272,0.0,0.5248655670916483
276,100.0,100.0,100.0,100.0,92.0,INTERVENE,0.0286970464551459,0.05527407715912312,0.2804788794386495
277,100.0,100.0,0.0,100.0,67.0,ENGAGE,0.4353975303237316,0.1588218476472756,0.17989047709812575
278,100.0,0.0,0.0,100.0,42.0,MONITOR,0.15080677844436263,0.0,0.18406953460409756
279,100.0,0.0,100.0,100.0,67.0,ENGAGE,0.22450570820349608,0.0,0.04098342491742347
280,60.0,100.0,0.0,100.0,55.0,ENGAGE,0.24222838858977241,0.2314056009997643,0.0
281,100.0,100.0,0.0,100.0,67.0,ENGAGE,0.31866930007502947,0.41495571488500194,0.8914770621554519
282,40.0,100.0,100.0,100.0,74.0,ENGAGE,0.3263062179059913,0.0,0.0
283,100.0,100.0,0.0,100.0,67.0,ENGAGE,0.10553553352103986,0.12930338302479907,0.0
284,20.0,0.0,100.0,100.0,43.0,MONITOR,0.4942269986772637,0.0,0.0
285,100.0,0.0,90.0,100.0,64.5,ENGAGE,0.6502704511781031,0.0,0.17041195578876767
286,80.0,40.470015886252405,100.0,100.0,71.11750397156311,ENGAGE,0.6657842748392004,0.0,0.0
287,100.0,0.0,0.0,100.0,42.0,MONITOR,0.17483324394479438,0.0,0.20222573641148814
288,100.0,30.0,0.0,100.0,49.5,MONITOR,0.16082354484704467,0.0,0.15329992567094008
289,100.0,0.0,100.0,100.0,67.0,ENGAGE,0.800334573396345,0.0,0.28297566376652533
290,100.0,7.8465632638309275,100.0,100.0,68.96164081595774,ENGAGE,0.2786470048142854,0.0022418752182374077,0.0
291,100.0,0.0,100.0,100.0,67.0,ENGAGE,0.2511247798437608,0.0,0.0
292,100.0,53.6991267416427,100.0,100.0,80.42478168541068,INTERVENE,1.0,0.0,0.0
293,100.0,0.0,0.0,100.0,42.0,MONITOR,0.6091168547447079,0.0,0.3270058362351508
294,100.0,100.0,100.0,100.0,92.0,INTERVENE,0.688448401595507,0.08314626310230024,0.1545627744062807
295,40.0,100.0,100.0,100.0,74.0,ENGAGE,0.9188757019108955,0.0,0.0
296,100.0,0.0,100.0,100.0,67.0,ENGAGE,1.0,0.0,0.0
297,100.0,100.0,100.0,100.0,92.0,INTERVENE,0.2587463699685638,0.06116046466132762,0.0
298,100.0,30.0,100.0,100.0,74.5,ENGAGE,1.0,0.0,0.107321387510592
299,100.0,100.0,9.766947830975456,100.0,69.44173695774387,ENGAGE,0.17619219118936155,0.6440450956605982,0.4792884936909485
300,60.0,100.0,23.229134027853867,100.0,60.807283506963465,ENGAGE,0.21060295940816337,0.22627519779051722,0.0
301,100.0,100.0,0.0,100.0,67.0,ENGAGE,0.08108046923365736,0.6735777253056843,0.6840677765893907
302,100.0,0.0,100.0,100.0,67.0,ENGAGE,0.12583696298652927,0.0,0.0
303,100.0,14.60376255817797,100.0,100.0,70.6509406395445,ENGAGE,0.2307898332046782,0.0,0.0
304,100.0,100.0,0.0,100.0,67.0,ENGAGE,0.38610399032037646,0.2536337048116196,0.35309551994976995
305,100.0,0.0,100.0,100.0,67.0,ENGAGE,0.02548884506750562,0.0,0.20273788392329467
306,100.0,100.0,0.0,100.0,67.0,ENGAGE,0.33898855863123123,0.4888133892669943,0.5656418158416933
307,100.0,0.0,100.0,100.0,67.0,ENGAGE,0.5006884683460623,0.0,0.035126977173783464
308,100.0,100.0,0.0,100.0,67.0,ENGAGE,0.2738683824559391,0.10526338386286883,0.4371774482054279
309,100.0,0.0,0.0,100.0,42.0,MONITOR,0.5512385659241821,0.0,0.16228328131613676
310,100.0,100.0,100.0,100.0,92.0,INTERVENE,1.0,0.07467116186078825,0.0
311,100.0,100.0,0.0,100.0,67.0,ENGAGE,0.36980145544010523,0.019012912666994574,0.13982607834590033
312,100.0,100.0,0.0,100.0,67.0,ENGAGE,0.6466417886008249,0.0,0.0
313,100.0,100.0,90.0,100.0,89.5,INTERVENE,0.0825063174554239,0.384400021665134,0.0
314,100.0,100.0,100.0,100.0,92.0,INTERVENE,0.2500778712125726,0.14720460142134426,0.0
315,100.0,0.0,0.0,100.0,42.0,MONITOR,0.40841426048234786,0.0,0.23975760709410257
316,100.0,100.0,0.0,100.0,67.0,ENGAGE,0.07513870057358046,0.4273273833471751,0.12541305553223486
317,100.0,100.0,100.0,100.0,92.0,INTERVENE,0.37929905725920965,0.23720871408731925,0.30411928569162977
318,56.11645644542557,100.0,100.0,100.0,78.83493693362767,INTERVENE,0.7157987653941597,0.0,0.012038818815141857
319,20.0,30.0,100.0,100.0,50.5,MONITOR,0.6529935269408926,0.0,0.0
320,100.0,0.0,100.0,100.0,67.0,ENGAGE,0.3400219651729725,0.0,0.0
321,100.0,100.0,36.53886965276501,100.0,76.13471741319125,INTERVENE,0.6820182930635403,0.11967220085882546,0.1333926266604553
322,100.0,30.0,0.0,100.0,49.5,MONITOR,0.08123413943679567,0.0,0.0802394798852452
323,100.0,60.66648319559596,100.0,100.0,82.16662079889899,INTERVENE,0.315059382457089,0.0,0.0
324,100.0,100.0,0.0,100.0,67.0,ENGAGE,0.3306635549345098,0.0,0.281968882046685
325,100.0,100.0,100.0,100.0,92.0,INTERVENE,1.0,0.1710037802855442,0.03838756273950075
326,100.0,100.0,0.0,100.0,67.0,ENGAGE,0.2236601767897385,0.0,0.0385273760929728
327,100.0,100.0,0.0,100.0,67.0,ENGAGE,0.32922029668688435,0.0,0.9697085087753186
328,100.0,0.0,100.0,100.0,67.0,ENGAGE,0.43093748876246574,0.0,0.0
329,100.0,100.0,0.0,100.0,67.0,ENGAGE,0.08867093283670292,0.3584384738454271,0.4919631995350823
330,100.0,100.0,0.0,100.0,67.0,ENGAGE,0.16858151407020427,0.23384512202811475,0.4731518176164359
331,100.0,100.0,100.0,100.0,92.0,INTERVENE,0.5405804221690171,0.0,0.6027302894408217
332,100.0,100.0,0.0,100.0,67.0,ENGAGE,0.3831374603993025,0.06144742829852274,0.29077652435843454
333,100.0,100.0,0.0,100.0,67.0,ENGAGE,0.19142750117508098,0.18219579209839187,0.28764611478019453
334,100.0,0.0,100.0,100.0,67.0,ENGAGE,0.4061109462307965,0.0,0.0
335,100.0,100.0,0.0,100.0,67.0,ENGAGE,0.6613776595457038,0.28247616111377766,0.2835423252023663
336,100.0,0.0,0.0,100.0,42.0,MONITOR,0.26338471342788233,0.0,0.2897395950450794
337,100.0,100.0,0.0,100.0,67.0,ENGAGE,0.10851689298158727,0.38708474197541043,0.6801969013464345
338,100.0,0.0,100.0,100.0,67.0,ENGAGE,1.0,0.0,0.0
339,100.0,100.0,0.0,100.0,67.0,ENGAGE,0.08398028541975941,0.6758130247817948,0.6826053285991873
340,100.0,100.0,0.0,100.0,67.0,ENGAGE,0.23782028201885877,0.0,0.056760341398577455
341,40.0,100.0,100.0,100.0,74.0,ENGAGE,0.2566290075185628,0.0,0.0
342,100.0,100.0,100.0,100.0,92.0,INTERVENE,0.6066905369512073,0.0,0.0
343,100.0,100.0,0.0,100.0,67.0,ENGAGE,0.35253244515537685,0.1789069166667276,0.0
344,80.0,0.0,100.0,100.0,61.0,ENGAGE,0.4918498485068571,0.0,0.0
345,100.0,0.0,100.0,100.0,67.0,ENGAGE,0.28993739934426466,0.0,0.0
346,100.0,30.0,100.0,100.0,74.5,ENGAGE,0.34007935147687673,0.0,0.0
347,100.0,100.0,0.0,100.0,67.0,ENGAGE,0.19778651043543194,0.03456232400810362,0.39898260868040303
348,100.0,0.0,100.0,100.0,67.0,ENGAGE,0.3293993503469769,0.0,0.0
349,100.0,100.0,0.0,100.0,67.0,ENGAGE,0.19997450698762465,0.4108630966126562,0.14236611347578387
350,60.0,0.0,100.0,100.0,55.0,ENGAGE,0.14981661325854115,0.0,0.0
351,100.0,100.0,100.0,100.0,92.0,INTERVENE,0.10207576294117719,0.027085694057241372,0.13929706381090554
352,100.0,100.0,100.0,100.0,92.0,INTERVENE,0.5045370435254224,0.0,0.0
353,100.0,100.0,84.06887055963388,100.0,88.01721763990847,INTERVENE,0.637618359763325,0.0,0.861357492465638
354,100.0,100.0,100.0,100.0,92.0,INTERVENE,1.0,0.21419425913530443,0.46645495030399703
355,20.0,7.868009725241695,100.0,100.0,44.967002431310426,MONITOR,0.27762803217810733,0.0,0.0
356,100.0,0.0,100.0,100.0,67.0,ENGAGE,0.260691262359632,0.0,0.0
357,100.0,100.0,0.0,100.0,67.0,ENGAGE,0.06918077477021566,0.6156218885543305,0.7697800372099893
358,100.0,100.0,0.0,100.0,67.0,ENGAGE,0.07958402845202803,0.3088609979090586,0.424970791370769
359,100.0,100.0,0.0,100.0,67.0,ENGAGE,0.15985587911471713,0.33419589185683357,0.3803341729840881
360,80.0,100.0,0.0,100.0,61.0,ENGAGE,0.0654592442465205,0.0,0.0
361,100.0,100.0,100.0,100.0,92.0,INTERVENE,0.17207973861761577,0.25970145597422695,0.4601583499011727
362,40.0,0.0,100.0,100.0,49.0,MONITOR,0.6855823787515283,0.0,0.0
363,100.0,100.0,0.0,100.0,67.0,ENGAGE,0.28063264548981975,0.11383536212759089,0.2938169963182063
364,20.0,0.0,0.0,100.0,18.0,MONITOR,0.2648645851360472,0.0,0.0
365,100.0,0.0,100.0,100.0,67.0,ENGAGE,0.5846839496776703,0.0,0.0
366,60.0,0.0,100.0,100.0,55.0,ENGAGE,0.16745603220060032,0.0,0.0
367,100.0,100.0,0.0,100.0,67.0,ENGAGE,0.23165716230512554,0.47059385397919046,0.9727977865565763
368,100.0,100.0,100.0,100.0,92.0,INTERVENE,0.8176204746047118,0.0,0.0
369,100.0,100.0,100.0,100.0,92.0,INTERVENE,0.24098704701466198,0.45042820238849857,0.0591285712854301
370,100.0,0.0,100.0,100.0,67.0,ENGAGE,0.385598690934678,0.0,0.0
371,100.0,100.0,100.0,100.0,92.0,INTERVENE,0.2469583844501917,0.0,0.9283049690665814
372,60.0,100.0,100.0,100.0,80.0,INTERVENE,0.17937006608065548,0.18694978810036902,0.0
373,100.0,100.0,100.0,100.0,92.0,INTERVENE,0.3319040975998003,0.0,0.0
374,100.0,1.4830381849829932,100.0,100.0,67.37075954624575,ENGAGE,1.0,0.0,0.0
375,100.0,0.0,100.0,100.0,67.0,ENGAGE,0.20466829426900493,0.0,0.0
376,100.0,0.0,100.0,100.0,67.0,ENGAGE,0.18834198627757012,0.0,0.0
377,100.0,100.0,0.0,100.0,67.0,ENGAGE,0.13664181344822474,0.2765214639989055,0.721758795139849
378,100.0,100.0,100.0,100.0,92.0,INTERVENE,1.0,0.0,0.21297783953368046
379,100.0,0.0,100.0,100.0,67.0,ENGAGE,0.1766222531347815,0.0,0.0
380,80.0,7.455904077117436,100.0,100.0,62.86397601927936,ENGAGE,0.2689360355384018,0.0,0.0
381,100.0,100.0,0.0,100.0,67.0,ENGAGE,0.3974805480679245,0.0,0.0
382,100.0,100.0,100.0,100.0,92.0,INTERVENE,0.5897479313572705,0.0,0.0
383,100.0,100.0,100.0,100.0,92.0,INTERVENE,0.10504871507009612,0.0,0.0
384,100.0,100.0,0.0,100.0,67.0,ENGAGE,0.08878409073063365,0.15500744160737276,0.12805046486046312
385,100.0,100.0,100.0,100.0,92.0,INTERVENE,0.23183122557169009,0.0,0.0
386,100.0,0.0,100.0,100.0,67.0,ENGAGE,0.5489145811981964,0.0,0.027140541108631646
387,100.0,100.0,100.0,100.0,92.0,INTERVENE,0.9510470850698419,0.3625999111454604,0.23408465351219285
388,100.0,10.158574324726777,100.0,100.0,69.53964358118169,ENGAGE,0.2506277450093261,0.0,0.8510409529023134
389,100.0,100.0,0.0,100.0,67.0,ENGAGE,0.4420132379694017,0.40192268558241373,0.35757544795742113
390,100.0,100.0,0.0,100.0,67.0,ENGAGE,0.07802047741936957,0.5513393372127537,0.9709841540611502
391,0.0,0.0,59.9560414178305,100.0,26.989010354457626,MONITOR,0.22365159041054627,0.0,0.0
392,100.0,0.0,100.0,100.0,67.0,ENGAGE,0.33847834072397404,0.0,0.9371401987600783
393,80.0,0.0,100.0,100.0,61.0,ENGAGE,0.2710383184706298,0.0,0.0
394,100.0,0.0,100.0,100.0,67.0,ENGAGE,0.32906567840511985,0.0,0.0
395,100.0,100.0,0.0,100.0,67.0,ENGAGE,0.051082292403994846,0.32536521462627593,0.194972695158349
396,100.0,100.0,100.0,100.0,92.0,INTERVENE,1.0,0.0,0.949075955338868
397,100.0,100.0,0.0,100.0,67.0,ENGAGE,0.564631445147844,0.09926020314193763,0.05383959926332574
398,20.0,100.0,100.0,100.0,68.0,ENGAGE,0.23882803230666413,0.0,0.0
399,100.0,100.0,0.0,100.0,67.0,ENGAGE,0.27079517977640605,0.50853952974503,0.6640363410579843
400,100.0,100.0,0.0,100.0,67.0,ENGAGE,0.15278564778880505,0.1344418137315298,0.0
401,100.0,0.0,100.0,100.0,67.0,ENGAGE,0.3028583129178656,0.0,0.0
402,100.0,100.0,0.0,100.0,67.0,ENGAGE,0.20662515688862912,0.2625151219018067,0.20137024542265702
403,60.0,100.0,0.0,100.0,55.0,ENGAGE,0.5109179076259057,0.0,0.0
404,100.0,85.3835038907118,100.0,100.0,88.34587597267794,INTERVENE,0.2851907299215364,0.0,0.0
405,100.0,100.0,100.0,100.0,92.0,INTERVENE,0.16357422822940826,0.28889609141303846,0.11610950781939246
406,100.0,100.0,0.0,100.0,67.0,ENGAGE,0.49743819867431777,0.6238335534400103,0.617309910351494
407,100.0,100.0,0.0,100.0,67.0,ENGAGE,0.07089185099059392,0.0,0.0
408,60.0,0.0,100.0,100.0,55.0,ENGAGE,0.6894653920722297,0.0,0.0
409,40.0,58.55254929968516,100.0,100.0,63.63813732492129,ENGAGE,0.21187371918941333,0.0,0.0
410,100.0,0.0,100.0,100.0,67.0,ENGAGE,0.28322575108226905,0.0,0.0
411,100.0,100.0,0.0,100.0,67.0,ENGAGE,0.13327063999694388,0.4282379144204321,0.448231621034916
412,100.0,100.0,100.0,100.0,92.0,INTERVENE,0.9887942989784881,0.24652297392944514,0.2738569794318014
413,80.0,30.0,100.0,100.0,68.5,ENGAGE,0.2067087890754475,0.0,0.0
414,100.0,100.0,0.0,100.0,67.0,ENGAGE,0.10104379686327598,0.41900277351519066,0.9847247501527641
415,100.0,0.0,100.0,100.0,67.0,ENGAGE,0.4672201175792552,0.0,0.0
416,20.0,100.0,100.0,100.0,68.0,ENGAGE,0.07271869905492014,0.0,0.0
417,100.0,0.0,100.0,100.0,67.0,ENGAGE,0.34970109954619,0.0,0.0
418,100.0,100.0,0.0,100.0,67.0,ENGAGE,0.257882430006527,0.0,0.3759855455784778
419,100.0,35.66109804258644,100.0,100.0,75.91527451064661,ENGAGE,0.28940991562357254,0.0,0.0
420,100.0,100.0,0.0,100.0,67.0,ENGAGE,0.14334707147511494,0.12971420181318274,0.2711138768858066
421,100.0,100.0,0.0,100.0,67.0,ENGAGE,0.36866033938905646,0.051009124705329145,0.2953964681768619
422,100.0,100.0,0.0,100.0,67.0,ENGAGE,0.12317520730438855,0.3785784200979126,0.550805510662559
423,100.0,12.40380655933626,0.0,100.0,45.100951639834065,MONITOR,0.19343128178978145,0.0,0.0
424,100.0,100.0,0.0,100.0,67.0,ENGAGE,0.11851636124790924,0.5230713486830296,0.0
425,100.0,100.0,0.0,100.0,67.0,ENGAGE,0.010996748764440168,0.9245377180927481,0.9292132885297298
426,100.0,100.0,0.0,100.0,67.0,ENGAGE,0.12849861399962195,0.3609264883059444,0.0
427,100.0,100.0,0.0,100.0,67.0,ENGAGE,0.529710450051716,0.3510755971678554,0.5069176307286515
428,60.0,100.0,100.0,100.0,80.0,INTERVENE,0.514430597551311,0.07434988821840449,0.0
429,100.0,37.14807066535039,100.0,100.0,76.28701766633759,INTERVENE,1.0,0.010613734475814398,0.0
430,100.0,100.0,0.0,100.0,67.0,ENGAGE,0.128184526725075,0.38951995799714073,0.36499484499000784
431,100.0,0.0,0.0,100.0,42.0,MONITOR,0.11824852980866647,0.0,0.09599489418674219
432,100.0,100.0,100.0,100.0,92.0,INTERVENE,1.0,0.06510590674363677,0.0
433,100.0,100.0,100.0,100.0,92.0,INTERVENE,0.20756121672767916,0.029504327763569056,0.08797884956268046
434,100.0,72.62301046857057,0.0,100.0,60.15575261714264,ENGAGE,0.1536809818909862,0.010388664681867698,0.9138182837643664
435,100.0,100.0,0.0,100.0,67.0,ENGAGE,0.10110636369267105,0.4215602555823507,0.94961001839754
436,40.0,0.0,100.0,100.0,49.0,MONITOR,1.0,0.0,0.0
437,100.0,100.0,100.0,100.0,92.0,INTERVENE,0.14874477349967913,0.060064154620579194,0.0
438,100.0,100.0,100.0,100.0,92.0,INTERVENE,0.13183694502360713,0.0,0.0
439,100.0,100.0,0.0,100.0,67.0,ENGAGE,0.08785615997471814,0.5608275366305455,0.747817599389966
440,100.0,42.03547013636448,100.0,100.0,77.50886753409112,INTERVENE,0.34699301515686193,0.0,0.0
441,80.0,100.0,100.0,100.0,86.0,INTERVENE,0.5043507709089379,0.3545550496072925,0.0
442,100.0,100.0,100.0,100.0,92.0,INTERVENE,0.8744630228787698,0.1540375317163894,0.9626099404334448
443,100.0,0.0,100.0,100.0,67.0,ENGAGE,0.8225023362134429,0.0,0.0
444,100.0,100.0,0.0,100.0,67.0,ENGAGE,0.22624751711963287,0.0,0.9772071702354563
445,100.0,100.0,100.0,100.0,92.0,INTERVENE,0.09243633199078133,0.0,0.0
446,100.0,0.0,0.0,100.0,42.0,MONITOR,0.18272489328456837,0.0,0.3505508018593068
447,100.0,100.0,100.0,100.0,92.0,INTERVENE,0.10185830293638416,0.0,0.9569327729613565
448,100.0,0.0,100.0,100.0,67.0,ENGAGE,0.23467363535099708,0.0,0.15069304102071465
449,60.0,100.0,100.0,100.0,80.0,INTERVENE,0.38663094530468944,0.0,0.0
450,100.0,81.49849720870372,100.0,100.0,87.37462430217593,INTERVENE,0.18043821175160948,0.02328528491677249,0.0
451,100.0,100.0,100.0,100.0,92.0,INTERVENE,0.9089046962855019,0.11111586710163146,0.2517664174886653
452,100.0,100.0,100.0,100.0,92.0,INTERVENE,0.1815735678261082,0.10600815450244974,0.039494202429437124
453,100.0,100.0,100.0,100.0,92.0,INTERVENE,0.1858512952877574,0.0,0.8898057284176296
454,100.0,100.0,37.04042601907504,100.0,76.26010650476876,INTERVENE,0.11350707087658407,0.08181629944365035,0.0
455,100.0,100.0,49.27688158437659,100.0,79.31922039609415,INTERVENE,0.1615830571978451,0.16313827317235932,0.10437721229795943
456,100.0,100.0,100.0,100.0,92.0,INTERVENE,0.3607337506166099,0.16158728729651944,0.0
457,100.0,100.0,0.0,100.0,67.0,ENGAGE,0.2612569427534832,0.09031822450218628,0.5197185557968732
458,100.0,0.0,0.0,100.0,42.0,MONITOR,0.18354080799567576,0.0,0.3972071354528461
459,100.0,100.0,0.0,100.0,67.0,ENGAGE,0.2779302195798066,0.3219775759642143,0.12608261027204593
460,100.0,30.0,100.0,100.0,74.5,ENGAGE,0.38765632404467754,0.0,0.0
461,100.0,100.0,100.0,100.0,92.0,INTERVENE,0.6388979552763968,0.0,0.0
462,100.0,100.0,0.0,100.0,67.0,ENGAGE,0.343193726798059,0.3702886700166526,0.4292099746329356
463,100.0,100.0,0.0,100.0,67.0,ENGAGE,0.4228942552112495,0.12970514863989113,0.9311620022492086
464,100.0,100.0,0.0,100.0,67.0,ENGAGE,0.21803700717746316,0.2028613372458692,0.47292784806051946
465,100.0,100.0,100.0,100.0,92.0,INTERVENE,1.0,0.16579442090478738,0.3317742944747648
466,100.0,100.0,90.0,100.0,89.5,INTERVENE,0.15184808799732913,0.11379314059636264,0.15622025284604127
467,100.0,100.0,0.0,100.0,67.0,ENGAGE,0.10412665785469635,0.18030402602607526,0.17737341056797926
468,100.0,100.0,100.0,100.0,92.0,INTERVENE,0.420024278131078,0.14061762142121392,0.0
469,100.0,100.0,0.0,100.0,67.0,ENGAGE,0.08122703041516915,0.5281001409600438,0.48751275385856246
470,100.0,100.0,100.0,100.0,92.0,INTERVENE,0.2116009195884543,0.0,0.0
471,100.0,100.0,0.0,100.0,67.0,ENGAGE,0.10233939086031382,0.34909125961483045,0.5428935820873243
472,100.0,100.0,0.0,100.0,67.0,ENGAGE,0.1163556684550237,0.5323706983363233,0.7908327314865303
473,100.0,100.0,100.0,100.0,92.0,INTERVENE,0.0922049324198718,0.0,0.0
474,60.0,100.0,100.0,100.0,80.0,INTERVENE,0.12608128183750197,0.00568801642433665,0.0
475,100.0,73.92135059354167,100.0,100.0,85.48033764838542,INTERVENE,0.2519209654892963,0.0,0.0
476,100.0,100.0,100.0,100.0,92.0,INTERVENE,0.26650809282316373,0.2895189754526705,0.0
477,100.0,98.9878039985284,100.0,100.0,91.7469509996321,INTERVENE,0.14655591958468833,0.0,0.0
478,100.0,30.0,0.0,100.0,49.5,MONITOR,0.26160418074849723,0.0,0.9051074535123971
479,100.0,80.08969299051441,0.0,100.0,62.0224232476286,ENGAGE,0.26950766982275876,0.0,0.0
480,100.0,100.0,100.0,100.0,92.0,INTERVENE,0.1228101497826565,0.2657278201762178,0.0
481,100.0,100.0,100.0,100.0,92.0,INTERVENE,0.7584363679728604,0.0,0.0866997622414205
482,100.0,100.0,0.0,100.0,67.0,ENGAGE,0.1574742116167784,0.30947759176025963,0.2547154804147073
483,100.0,100.0,0.0,100.0,67.0,ENGAGE,0.31798727845326247,0.03135415732770796,0.2421057053654438
484,100.0,100.0,0.0,100.0,67.0,ENGAGE,0.04374688604572013,0.4835036943343178,0.93955996750445
485,100.0,100.0,100.0,100.0,92.0,INTERVENE,0.7559986469332575,0.0,0.0
486,100.0,100.0,100.0,100.0,92.0,INTERVENE,0.5135600263421608,0.14994780319430587,0.9798073318457736
487,100.0,0.0,100.0,100.0,67.0,ENGAGE,0.23798181007761307,0.0,0.062045323309213196
488,100.0,100.0,100.0,100.0,92.0,INTERVENE,0.8990926022785921,0.33694746997819686,0.3642048152166476
489,100.0,36.24901291982591,0.0,100.0,51.062253229956475,ENGAGE,0.28551386390658595,0.0,0.0
490,100.0,30.0,0.0,100.0,49.5,MONITOR,0.23288070675930903,0.0,0.38253360646230006
491,100.0,100.0,0.0,100.0,67.0,ENGAGE,0.3972944883229575,0.028610807484440566,0.18512240331681465
492,100.0,58.64560130055805,100.0,100.0,81.66140032513951,INTERVENE,0.15444032648849618,0.0,0.0
493,100.0,100.0,0.0,100.0,67.0,ENGAGE,0.11612084073625865,0.17373989015587274,0.26629796670390177
494,100.0,78.55515304222071,100.0,100.0,86.63878826055517,INTERVENE,0.21993543708248445,0.0,0.0
495,100.0,100.0,0.0,100.0,67.0,ENGAGE,0.23685539052410848,0.8109491210854641,0.8551216889019134
496,100.0,100.0,100.0,100.0,92.0,INTERVENE,0.49869499943988205,0.0,0.0
497,100.0,100.0,100.0,100.0,92.0,INTERVENE,0.18277493818462007,0.28288334470251963,0.9368327405455689
498,100.0,100.0,100.0,100.0,92.0,INTERVENE,0.1503291787050075,0.0,0.895697631907238
499,0.0,100.0,0.0,100.0,37.0,MONITOR,0.12911797483288948,0.06956816797224119,0.0
500,100.0,100.0,0.0,100.0,67.0,ENGAGE,0.4868419687111815,0.13023633190534226,0.3739825363594733
501,100.0,100.0,100.0,100.0,92.0,INTERVENE,0.8065598783573243,0.0,0.0
502,40.0,100.0,39.30258468984009,100.0,58.825646172460026,ENGAGE,0.16007747856315177,0.11946087271701018,0.0
503,20.0,100.0,0.0,100.0,43.0,MONITOR,0.23148810352528568,0.15863188680377102,0.0
504,100.0,0.0,100.0,100.0,67.0,ENGAGE,0.33663355386766486,0.0,0.0
505,100.0,100.0,100.0,100.0,92.0,INTERVENE,0.1003508892816804,0.217403370612756,0.053203782852382926
506,100.0,0.0,100.0,100.0,67.0,ENGAGE,0.06461843128376304,0.0,0.0
507,100.0,100.0,0.0,100.0,67.0,ENGAGE,0.30085008894325965,0.09440946010935934,0.22370051889219902
508,100.0,100.0,100.0,100.0,92.0,INTERVENE,0.9724899585442008,0.2994971650055134,0.0
509,100.0,100.0,0.0,100.0,67.0,ENGAGE,0.1115765285421254,0.5541128306960296,0.43250623503587704
510,100.0,100.0,100.0,100.0,92.0,INTERVENE,0.28808851450005646,0.0,0.9764920392266286
511,100.0,100.0,0.0,100.0,67.0,ENGAGE,0.13409512898045645,0.06191504367439785,0.137880021183202
512,60.0,0.0,100.0,100.0,55.0,ENGAGE,1.0,0.0,0.0
513,100.0,0.0,100.0,100.0,67.0,ENGAGE,0.2578658985862299,0.0,0.0
514,100.0,100.0,0.0,100.0,67.0,ENGAGE,0.3248519398498465,0.052830105868876855,0.35919175811896525
515,100.0,0.0,100.0,100.0,67.0,ENGAGE,0.22604804089029276,0.0,0.24045296178749587
516,100.0,0.0,100.0,100.0,67.0,ENGAGE,1.0,0.0,0.9408205183534659
517,100.0,100.0,0.0,100.0,67.0,ENGAGE,0.3953515811779067,0.14729828963339586,0.0
518,100.0,100.0,0.0,100.0,67.0,ENGAGE,0.5341461689905063,0.34834820638262215,0.9621495373466836
519,20.0,0.0,100.0,100.0,43.0,MONITOR,0.07278139421128474,0.0,0.0
520,100.0,100.0,0.0,100.0,67.0,ENGAGE,0.1768042563040665,0.016882176342885573,0.23946521278742766
521,100.0,100.0,100.0,100.0,92.0,INTERVENE,0.0766949871336402,0.229385264729083,0.12185930411326269
522,100.0,0.0,100.0,100.0,67.0,ENGAGE,1.0,0.0,0.0
523,100.0,100.0,0.0,100.0,67.0,ENGAGE,0.2588653250098717,0.0,0.2453184867679775
524,100.0,100.0,44.19922485834892,100.0,78.04980621458724,INTERVENE,0.2671867856104398,0.4769002800119134,0.360878922218436
525,100.0,0.0,100.0,100.0,67.0,ENGAGE,0.21138384546406253,0.0,0.0
526,40.0,0.0,0.0,100.0,24.0,MONITOR,0.6758156469051573,0.0,0.0
527,100.0,100.0,0.0,100.0,67.0,ENGAGE,0.21681691479387788,0.2774511038147517,0.22892448670942356
528,40.0,57.10749875922208,100.0,100.0,63.276874689805524,ENGAGE,0.4023847633186685,0.0,0.0
529,40.0,0.0,100.0,100.0,49.0,MONITOR,0.20087451906046913,0.0,0.0
530,100.0,100.0,0.0,100.0,67.0,ENGAGE,0.18262287425208562,0.28852468023050687,0.32243986110346623
531,100.0,100.0,0.0,100.0,67.0,ENGAGE,0.19584037764843873,0.20704603784137862,0.43777737662479815
532,100.0,100.0,0.0,100.0,67.0,ENGAGE,0.1011191506934998,0.32059129396427083,0.038504350506551224
533,100.0,0.0,100.0,100.0,67.0,ENGAGE,0.10216551493771871,0.0,0.6492065816618057
534,100.0,100.0,0.0,100.0,67.0,ENGAGE,0.5234035921141594,0.19223196799779396,0.3457013265435943
535,100.0,0.0,100.0,100.0,67.0,ENGAGE,0.14081223986053304,0.0,0.0
536,100.0,100.0,0.0,100.0,67.0,ENGAGE,0.07361374724832362,0.3004275612157394,0.0
537,100.0,100.0,0.0,100.0,67.0,ENGAGE,0.3972510785634606,0.19064636403893648,0.37122680882212994
538,100.0,100.0,100.0,100.0,92.0,INTERVENE,0.2932782913647201,0.3310472466815499,0.08042620467049515
539,100.0,100.0,100.0,100.0,92.0,INTERVENE,0.19759590615001457,0.32247700785278977,0.3705945492732399
540,100.0,100.0,100.0,100.0,92.0,INTERVENE,0.26163379251511465,0.1577204682676098,0.1521963216026318
541,100.0,100.0,0.0,100.0,67.0,ENGAGE,0.3444347857373762,0.3333333134575455,0.24141737287237752
542,100.0,100.0,100.0,100.0,92.0,INTERVENE,0.1831138762422338,0.12280069322370898,0.09780982996101861
543,100.0,30.0,100.0,100.0,74.5,ENGAGE,0.16266427159684999,0.0,0.0
544,76.31160527598658,100.0,63.74568683366946,100.0,75.82990329121333,ENGAGE,0.22205437250594232,0.08704248675239576,0.018770535091995524
545,100.0,100.0,0.0,100.0,67.0,ENGAGE,0.5363200426207332,0.0,0.32889163562016765
546,100.0,100.0,0.0,100.0,67.0,ENGAGE,0.07639028321179364,0.5273845783490094,0.3822562842784096
547,100.0,100.0,0.0,100.0,67.0,ENGAGE,0.25761890798609755,0.3135475689537732,0.9536790088262597
548,100.0,100.0,0.0,100.0,67.0,ENGAGE,0.07160130117059221,0.22422597479234713,0.03134123391870015
549,100.0,100.0,0.0,100.0,67.0,ENGAGE,0.2885171409209012,0.061852977800342754,0.29336326790209427
550,100.0,0.0,100.0,100.0,67.0,ENGAGE,0.8122702554001042,0.0,0.0
551,100.0,100.0,0.0,100.0,67.0,ENGAGE,0.10915253133843829,0.2970645219745256,0.5380340322081019
552,100.0,0.0,100.0,100.0,67.0,ENGAGE,0.21931305808452187,0.0,0.0
553,100.0,100.0,100.0,100.0,92.0,INTERVENE,0.038562312448498615,0.18552466263520723,0.9251059086193575
554,100.0,72.30696878291477,100.0,100.0,85.07674219572868,INTERVENE,0.3894418863516427,0.0,0.0
555,100.0,100.0,0.0,100.0,67.0,ENGAGE,0.3616355588299855,0.2045108402631082,0.09407228772250995
556,100.0,100.0,0.0,100.0,67.0,ENGAGE,0.14585128232545116,0.2084418328505752,0.008250049635580792
557,100.0,100.0,0.0,100.0,67.0,ENGAGE,0.17721814752613105,0.12137130677366081,0.1442795347163108
558,100.0,100.0,100.0,100.0,92.0,INTERVENE,0.28532294298568495,0.0,0.0
559,100.0,100.0,0.0,100.0,67.0,ENGAGE,0.158399554143482,0.3648541864817291,0.46494898736980667
560,100.0,100.0,100.0,100.0,92.0,INTERVENE,0.9153954562073718,0.4247379715884149,0.5751925068683688
561,100.0,100.0,0.0,100.0,67.0,ENGAGE,0.14176811582509513,0.04677848818254428,0.0
562,100.0,0.0,0.0,100.0,42.0,MONITOR,0.1474633706324384,0.0,0.4817810231676006
563,80.0,0.0,100.0,100.0,61.0,ENGAGE,0.29087319002688505,0.0,0.0
564,100.0,30.0,0.0,100.0,49.5,MONITOR,0.3076940022996987,0.0,0.11020923627245022
565,100.0,100.0,0.0,100.0,67.0,ENGAGE,0.11643843619250133,0.20674627172284227,0.3314944353365728
566,100.0,0.0,100.0,100.0,67.0,ENGAGE,0.12647431493764852,0.0,0.0
567,100.0,100.0,0.0,100.0,67.0,ENGAGE,0.49845063551056684,0.30136002844116416,0.0
568,100.0,0.0,100.0,100.0,67.0,ENGAGE,0.23610174104321383,0.0,0.0
569,100.0,100.0,100.0,100.0,92.0,INTERVENE,0.09099718461981607,0.13099560100214339,0.0
570,100.0,100.0,100.0,100.0,92.0,INTERVENE,0.26065841856047667,0.12598039183516418,0.0
571,100.0,0.0,100.0,100.0,67.0,ENGAGE,0.7606098363340456,0.0,0.48997801992296247
572,100.0,100.0,0.0,100.0,67.0,ENGAGE,0.1028141669586318,0.31193664163976775,0.5406853827311658
573,100.0,100.0,100.0,100.0,92.0,INTERVENE,0.32248752605592923,0.38287509069611425,0.2985962313374135
574,100.0,100.0,100.0,100.0,92.0,INTERVENE,0.4584124119497872,0.0,0.0
575,100.0,96.35786475284465,0.0,100.0,66.08946618821116,ENGAGE,0.6232161787793278,0.0,0.0
576,80.0,100.0,0.0,100.0,61.0,ENGAGE,0.15267818435475544,0.0,0.0
577,100.0,100.0,0.0,100.0,67.0,ENGAGE,0.12013834345225312,0.21642269297541716,0.0
578,100.0,100.0,0.0,100.0,67.0,ENGAGE,0.1786309699105943,0.5165703966255625,0.529052689949542
579,100.0,0.0,0.0,100.0,42.0,MONITOR,0.3429500545582226,0.0,0.3091154370598336
580,100.0,100.0,100.0,100.0,92.0,INTERVENE,0.7545908176276832,0.0,0.0
581,60.0,100.0,18.351109157438177,100.0,59.58777728935954,ENGAGE,0.08677993234385434,0.14883348042154476,0.0
582,100.0,0.0,100.0,100.0,67.0,ENGAGE,0.22830378299630552,0.0,0.0
583,100.0,100.0,0.0,100.0,67.0,ENGAGE,0.13160784575739565,0.6516262236238498,0.0
584,100.0,100.0,100.0,100.0,92.0,INTERVENE,0.30632119977901057,0.2964171083687086,0.1795255606851731
585,60.0,100.0,100.0,100.0,80.0,INTERVENE,0.2689640344529602,0.0,0.0
586,100.0,0.0,100.0,100.0,67.0,ENGAGE,0.27931817430336714,0.0,0.12352286113473471
587,100.0,100.0,100.0,100.0,92.0,INTERVENE,0.11512024533244782,0.33927710575887154,0.3539309420828201
588,100.0,0.0,0.0,100.0,42.0,MONITOR,0.44175699550645453,0.0,0.15470414372808916
589,100.0,0.0,100.0,100.0,67.0,ENGAGE,0.35381193385159615,0.0,0.0
590,100.0,100.0,0.0,100.0,67.0,ENGAGE,0.11276480424568269,0.31744835478298233,0.2839342877539094
591,40.0,0.0,100.0,100.0,49.0,MONITOR,0.21983553242652817,0.0,0.0
592,100.0,100.0,0.0,100.0,67.0,ENGAGE,0.49738640740374684,0.18482528396984924,0.6092216944351331
593,100.0,100.0,0.0,100.0,67.0,ENGAGE,0.2530050049213647,0.08336298632072703,0.22150831394156734
594,100.0,0.0,100.0,100.0,67.0,ENGAGE,0.24307317482581184,0.0,0.9506856624118769
595,80.0,100.0,100.0,100.0,86.0,INTERVENE,0.20044277419044143,0.0,0.0
596,100.0,74.38034014859207,100.0,100.0,85.59508503714801,INTERVENE,0.7687875767307368,0.0,0.8277789206034954
597,100.0,100.0,0.0,100.0,67.0,ENGAGE,0.1571311180600722,0.2708437993118053,0.031010603318686415
598,100.0,100.0,0.0,100.0,67.0,ENGAGE,0.24135829319046986,0.018717788323554623,0.0
599,100.0,100.0,0.0,100.0,67.0,ENGAGE,0.25091244736231594,0.15268840845811904,0.6415487329382077
600,100.0,100.0,0.0,100.0,67.0,ENGAGE,0.4554399373834107,0.07093846683047307,0.3686675894949952
601,100.0,100.0,0.0,100.0,67.0,ENGAGE,0.131241118435571,0.6355240495797947,0.737023736038062
602,100.0,100.0,100.0,100.0,92.0,INTERVENE,0.4665080926522396,0.0,0.0
603,100.0,41.067854378169514,100.0,100.0,77.26696359454237,INTERVENE,0.791403532009008,0.0,0.0
604,100.0,0.0,100.0,100.0,67.0,ENGAGE,0.538811670600655,0.0,0.0
605,100.0,0.0,100.0,100.0,67.0,ENGAGE,0.2139481901334151,0.0,0.0
606,100.0,100.0,0.0,100.0,67.0,ENGAGE,0.19553173519386874,0.20925346297807446,0.18361604225999417
607,100.0,0.0,100.0,100.0,67.0,ENGAGE,1.0,0.0,0.0
608,13.95289298025445,100.0,100.0,100.0,66.18586789407634,ENGAGE,0.6523860322993525,0.011989275216494653,0.004650964326751483
609,40.0,100.0,0.0,100.0,49.0,MONITOR,0.3517964936618305,0.0,0.0
610,100.0,100.0,100.0,100.0,92.0,INTERVENE,0.13492964266500476,0.0,0.0
611,100.0,100.0,0.0,100.0,67.0,ENGAGE,0.19109904706320638,0.0,0.0
612,100.0,100.0,0.0,100.0,67.0,ENGAGE,0.06605670369401549,0.42861521954892584,0.5115812477522325
613,0.0,100.0,0.0,100.0,37.0,MONITOR,0.37116882291342745,0.0,0.0
614,100.0,100.0,0.0,100.0,67.0,ENGAGE,0.24762793345023,0.17984534500196,0.0
615,40.0,0.0,0.0,100.0,24.0,MONITOR,0.18853964900925269,0.0,0.0
616,100.0,100.0,0.0,100.0,67.0,ENGAGE,0.029578438472981482,0.6838766516324076,0.7536644327471645
617,100.0,100.0,100.0,100.0,92.0,INTERVENE,0.6214923607236365,0.017704350436106634,0.11543543686663885
618,100.0,33.163769787794976,0.0,100.0,50.29094244694875,MONITOR,0.5620502045489868,0.0,0.0
619,100.0,100.0,0.0,100.0,67.0,ENGAGE,0.1799478293625631,0.47793147332895436,0.0
620,100.0,0.0,100.0,100.0,67.0,ENGAGE,0.34550009577397195,0.0,0.0
621,100.0,100.0,100.0,100.0,92.0,INTERVENE,0.17623485696217078,0.0,0.9455103038737835
622,100.0,100.0,0.0,100.0,67.0,ENGAGE,0.23703558915588285,0.08840078440083876,0.0
623,100.0,100.0,0.0,100.0,67.0,ENGAGE,0.620840205365156,0.29090057108109985,0.13783082623537882
624,100.0,100.0,0.0,100.0,67.0,ENGAGE,0.3670672334112263,0.5583922405644993,0.9668482710190489
625,100.0,100.0,0.0,100.0,67.0,ENGAGE,0.14646438669069045,0.0,0.11216324688094922
626,100.0,100.0,0.0,100.0,67.0,ENGAGE,0.08224923035268458,0.37243551946623665,0.9865267814264221
627,100.0,100.0,0.0,100.0,67.0,ENGAGE,0.17403144684266303,0.29877174405608875,0.0
628,100.0,100.0,0.0,100.0,67.0,ENGAGE,0.5000846351949543,0.09701859375542876,0.03908276419426915
629,100.0,100.0,100.0,100.0,92.0,INTERVENE,0.41791255078540424,0.0,0.0
630,40.0,0.0,39.47515742683393,100.0,33.86878935670848,MONITOR,0.23415032316646495,0.0,0.0
631,100.0,28.94513047400557,100.0,100.0,74.23628261850139,ENGAGE,0.19330333290384957,0.0,0.0
632,100.0,100.0,100.0,100.0,92.0,INTERVENE,0.4121591550079178,0.0,0.0
633,100.0,13.699021586658366,100.0,100.0,70.4247553966646,ENGAGE,0.41631239965181904,0.0,0.0
634,100.0,76.13530803241359,0.0,100.0,61.0338270081034,ENGAGE,0.35760587127121324,0.02175294515211817,0.10374866113761982
635,100.0,100.0,0.0,100.0,67.0,ENGAGE,0.050287215994657616,0.22672631086199221,0.4333568127534406
636,100.0,100.0,0.0,100.0,67.0,ENGAGE,0.13667595383362988,0.21545214751776826,0.3299151239535732
637,100.0,0.0,0.0,100.0,42.0,MONITOR,0.13899677260906335,0.0,0.10809917262627866
638,100.0,100.0,100.0,100.0,92.0,INTERVENE,0.16278842959213757,0.0,0.0
639,100.0,100.0,0.0,100.0,67.0,ENGAGE,0.22663440180164554,0.4843774240970407,0.0
640,80.0,0.0,100.0,100.0,61.0,ENGAGE,0.30740838569867773,0.0,0.0
641,100.0,100.0,0.0,100.0,67.0,ENGAGE,0.12857440788082114,0.19239044932413657,0.1832834908600328
642,100.0,100.0,0.0,100.0,67.0,ENGAGE,0.09189221850036654,0.0,0.33210351355820217
643,100.0,100.0,0.0,100.0,67.0,ENGAGE,0.14056362753288779,0.6255913336440609,0.5232390228618934
644,100.0,100.0,0.0,100.0,67.0,ENGAGE,0.4757926567313848,0.3503996472913177,0.9346122547526327
645,100.0,100.0,0.0,100.0,67.0,ENGAGE,0.17095680993791137,0.3501826531303896,0.33291763569177835
646,100.0,100.0,0.0,100.0,67.0,ENGAGE,0.20097151347911846,0.41239211843583173,0.6433580516518257
647,100.0,100.0,100.0,100.0,92.0,INTERVENE,0.2895335099443532,0.06788625913520595,0.0
648,100.0,100.0,0.0,100.0,67.0,ENGAGE,0.1480428155512483,0.475709309003901,0.0
649,100.0,100.0,100.0,100.0,92.0,INTERVENE,0.8530672357042013,0.0,0.0
650,100.0,100.0,0.0,100.0,67.0,ENGAGE,0.13331857239044448,0.12211393343086638,0.2744303779804731
651,100.0,100.0,100.0,100.0,92.0,INTERVENE,0.46566974181779625,0.3606946125996853,0.07085474910229539
652,100.0,100.0,0.0,100.0,67.0,ENGAGE,0.005593969770942769,0.41785698381928127,0.6439750338159639
653,100.0,100.0,0.0,100.0,67.0,ENGAGE,0.41660148668630104,0.20894415152890206,0.1938131056620564
654,100.0,100.0,100.0,100.0,92.0,INTERVENE,0.13533394498501558,0.0,0.0
655,100.0,100.0,100.0,100.0,92.0,INTERVENE,0.7271125459188351,0.0,0.2540143267776281
656,100.0,100.0,0.0,100.0,67.0,ENGAGE,0.2630218227811149,0.14677106214150534,0.29262463746183487
657,100.0,100.0,0.0,100.0,67.0,ENGAGE,0.1342223130716585,0.0,0.9505781706645869
658,100.0,100.0,100.0,100.0,92.0,INTERVENE,0.7807085031294589,0.313533763208668,0.255572832833786
659,100.0,100.0,0.0,100.0,67.0,ENGAGE,0.2131010245211981,0.39401495140305676,0.1647735374424128
660,80.0,100.0,100.0,100.0,86.0,INTERVENE,0.22177690759981683,0.14557168812769422,0.0
661,100.0,100.0,0.0,100.0,67.0,ENGAGE,0.24237332018462263,0.0,0.2449140073228254
662,100.0,100.0,100.0,100.0,92.0,INTERVENE,0.04975397585649195,0.1596476623226098,0.37199467229852323
663,100.0,100.0,0.0,100.0,67.0,ENGAGE,0.07981065975611956,0.03143841642473949,0.35506131481887115
664,100.0,37.76481654316905,100.0,100.0,76.44120413579226,INTERVENE,0.8823894476095394,0.0,0.24153576651089217
665,80.0,0.0,100.0,100.0,61.0,ENGAGE,0.6417674477232967,0.0,0.0
666,100.0,100.0,100.0,100.0,92.0,INTERVENE,0.9568514960295297,0.0,0.1026377730509248
667,100.0,30.0,100.0,100.0,74.5,ENGAGE,0.28483804163299736,0.0,0.0
668,100.0,0.0,100.0,100.0,67.0,ENGAGE,0.42389975895357085,0.0,0.0
669,100.0,100.0,100.0,100.0,92.0,INTERVENE,0.23380543221499503,0.0,0.0
670,100.0,100.0,100.0,100.0,92.0,INTERVENE,0.1733762227480459,0.0843860137068504,0.8526661875924589
671,100.0,100.0,0.0,100.0,67.0,ENGAGE,0.45641551181978113,0.30704384953078634,0.4420987634553238
672,100.0,87.20957520927553,100.0,100.0,88.80239380231887,INTERVENE,0.4914293090847375,0.0,0.0
673,0.0,40.47786233444345,100.0,100.0,47.11946558361086,MONITOR,0.7490046534262013,0.0,0.0
674,100.0,32.77249929539011,100.0,100.0,75.19312482384753,ENGAGE,0.46828139574483035,0.0,0.0
675,100.0,0.0,100.0,100.0,67.0,ENGAGE,0.2507824722620668,0.0,0.0
676,80.0,100.0,100.0,100.0,86.0,INTERVENE,0.141262753290021,0.4037310520318793,0.0
677,100.0,100.0,100.0,100.0,92.0,INTERVENE,0.2499891181320908,0.0,0.971544225428123
678,100.0,100.0,0.0,100.0,67.0,ENGAGE,0.056714521015689905,0.24205537298778887,0.33435971781100055
679,100.0,100.0,0.0,100.0,67.0,ENGAGE,0.496422817739597,0.0,0.30446578052461254
680,100.0,0.0,59.39496259411339,100.0,56.84874064852835,ENGAGE,0.4082841145084283,0.0,0.0
681,40.0,100.0,100.0,100.0,74.0,ENGAGE,1.0,0.13246407221399986,0.0
682,100.0,100.0,0.0,100.0,67.0,ENGAGE,0.13221828948816525,0.3374861058888696,0.4078812929432365
683,100.0,67.0863473513549,100.0,100.0,83.77158683783873,INTERVENE,0.17048195680707037,0.008816611379602414,0.020083010026432188
684,40.0,0.0,100.0,100.0,49.0,MONITOR,0.2643548039504636,0.0,0.0
685,100.0,100.0,0.0,100.0,67.0,ENGAGE,0.2731554853310904,0.029981476562145712,0.45352013643301514
686,100.0,100.0,30.0,100.0,74.5,ENGAGE,0.4537164055370922,0.3670089443555135,0.32936879340505404
687,100.0,0.0,100.0,100.0,67.0,ENGAGE,0.1205359876537022,0.0,0.0
688,100.0,100.0,100.0,100.0,92.0,INTERVENE,0.6507876097602999,0.0,0.0
689,100.0,100.0,0.0,100.0,67.0,ENGAGE,0.30327450394897704,0.3756244362370238,0.6374048881780908
690,100.0,0.0,100.0,100.0,67.0,ENGAGE,0.12395845750943942,0.0,0.0
691,40.0,0.0,79.54329817705565,100.0,43.88582454426391,MONITOR,0.2772322778338078,0.0,0.0
692,100.0,100.0,0.0,100.0,67.0,ENGAGE,0.15867523380753887,0.0,0.21015661469476546
693,100.0,0.0,100.0,100.0,67.0,ENGAGE,0.19181690194916506,0.0,0.0
694,100.0,0.0,100.0,100.0,67.0,ENGAGE,0.15479815832658533,0.0,0.0
695,100.0,100.0,0.0,100.0,67.0,ENGAGE,0.5318304882232824,0.09467226098222108,0.0
696,100.0,0.0,30.0,100.0,49.5,MONITOR,0.39479412264460123,0.0,0.0
697,100.0,47.50503092365479,100.0,100.0,78.8762577309137,INTERVENE,0.406346539561554,0.0,0.0
698,100.0,100.0,100.0,100.0,92.0,INTERVENE,0.1274109948928917,0.15028724811603722,0.249673835356581
699,100.0,100.0,0.0,100.0,67.0,ENGAGE,0.46176741071629956,0.04948531791279227,0.2101152341411286
700,100.0,100.0,0.0,100.0,67.0,ENGAGE,0.6414934592419219,0.12352093496543703,0.3498344191103636
701,100.0,100.0,0.0,100.0,67.0,ENGAGE,0.3116987964942217,0.20223916010815574,0.9852208719495302
702,100.0,100.0,0.0,100.0,67.0,ENGAGE,0.07015269049220384,0.6790012318833931,0.7831502400053937
703,100.0,100.0,100.0,100.0,92.0,INTERVENE,0.2788856210721683,0.0,0.0
704,60.0,73.83327368172189,0.0,100.0,48.45831842043047,MONITOR,0.1576466290718356,0.0,0.0
705,0.0,1.68323574725876,100.0,100.0,37.420808936814694,MONITOR,0.550458102106719,0.0,0.0
706,100.0,100.0,0.0,100.0,67.0,ENGAGE,0.10233514111085394,0.0,0.04379486401123937
707,100.0,100.0,0.0,100.0,67.0,ENGAGE,0.1327585886851532,0.4549823843876828,0.020906616072690738
708,100.0,100.0,100.0,100.0,92.0,INTERVENE,0.2950251869988049,0.0,0.12713169623470283
709,100.0,0.0,100.0,100.0,67.0,ENGAGE,0.2619234002709326,0.0,0.0
710,100.0,0.0,0.0,100.0,42.0,MONITOR,0.148089759593112,0.0,0.12929034865701175
711,100.0,0.0,100.0,100.0,67.0,ENGAGE,0.26751190134601915,0.0,0.0
712,100.0,0.0,100.0,100.0,67.0,ENGAGE,0.3046177386434167,0.0,0.10719445247543978
713,100.0,100.0,0.0,100.0,67.0,ENGAGE,0.23590804860255682,0.5969650072076396,0.704588489819139
714,100.0,84.69582638433157,100.0,100.0,88.17395659608289,INTERVENE,1.0,0.0,0.0
715,100.0,100.0,0.0,100.0,67.0,ENGAGE,0.16241074508857153,0.04913803034186647,0.0
716,0.0,0.0,100.0,100.0,37.0,MONITOR,0.19832671446741812,0.0,0.0
717,100.0,100.0,0.0,100.0,67.0,ENGAGE,0.16031247183098607,0.17068566191460585,0.16360334489619782
718,80.0,100.0,100.0,100.0,86.0,INTERVENE,0.4397423610727448,0.0,0.0
719,100.0,18.355149286849308,100.0,100.0,71.58878732171232,ENGAGE,0.3134475747151226,0.0,0.0
720,100.0,100.0,0.0,100.0,67.0,ENGAGE,0.13686588572978126,0.33697485272584443,0.2612729170144826
721,100.0,100.0,0.0,100.0,67.0,ENGAGE,0.5236329479552699,0.2913671212100607,0.36641349103766996
722,100.0,100.0,100.0,100.0,92.0,INTERVENE,0.25099426110055567,0.05003104978281803,0.0
723,100.0,100.0,100.0,100.0,92.0,INTERVENE,0.5150665307059921,0.2369132534901128,0.1593566261549517
724,100.0,0.0,100.0,100.0,67.0,ENGAGE,0.4666904518372275,0.0,0.0
725,100.0,30.0,100.0,100.0,74.5,ENGAGE,0.22246200141507935,0.0,0.0
726,40.0,100.0,0.0,100.0,49.0,MONITOR,0.23288928638476078,0.0,0.0
727,100.0,0.0,100.0,100.0,67.0,ENGAGE,0.4411625424743128,0.0,0.9285506256563116
728,20.0,100.0,0.0,100.0,43.0,MONITOR,0.12448243481790677,0.0,0.0
729,80.0,0.0,0.0,100.0,36.0,MONITOR,0.17174285371103537,0.0,0.0
730,100.0,100.0,100.0,100.0,92.0,INTERVENE,0.05895575071472723,0.09162377219514127,0.0
731,100.0,0.0,0.0,100.0,42.0,MONITOR,0.1790056890716173,0.0,0.4208369061198519
732,100.0,100.0,0.0,100.0,67.0,ENGAGE,0.32844102594261304,0.2038766454379481,0.0
733,100.0,100.0,0.0,100.0,67.0,ENGAGE,0.2646284750638276,0.29141150167886704,0.38683123151830745
734,100.0,100.0,0.0,100.0,67.0,ENGAGE,0.3101367637195042,0.0,0.14267613214906374
735,100.0,100.0,0.0,100.0,67.0,ENGAGE,0.2670977040591319,0.16209342012428252,0.2591210524126266
736,0.0,100.0,100.0,100.0,62.0,ENGAGE,0.2162178281351971,0.0,0.0
737,60.0,0.0,100.0,100.0,55.0,ENGAGE,0.19871712053657511,0.0,0.0
738,100.0,100.0,100.0,100.0,92.0,INTERVENE,0.05063065198127462,0.29425409710672273,0.13537727846003203
739,100.0,100.0,0.0,100.0,67.0,ENGAGE,0.6280110107514252,0.0,0.0
740,100.0,0.0,100.0,100.0,67.0,ENGAGE,0.13636738546845448,0.0,0.0
741,100.0,100.0,100.0,100.0,92.0,INTERVENE,0.28682576191360815,0.24816759123697044,0.0
742,72.80784309945254,0.0,53.73092175190513,100.0,47.275083367812044,MONITOR,0.338901017584676,0.0,0.024269281033150847
743,100.0,100.0,0.0,100.0,67.0,ENGAGE,0.20399644693125552,0.0846602811137158,0.07994120713659368
744,100.0,51.8326118929529,100.0,100.0,79.95815297323823,INTERVENE,0.18538472328775765,0.0,0.11222576347864557
745,100.0,100.0,100.0,100.0,92.0,INTERVENE,1.0,0.19744772105237118,0.35342826949407136
746,100.0,100.0,100.0,100.0,92.0,INTERVENE,0.6290243193161619,0.0,0.15412294637899637
747,100.0,0.0,100.0,100.0,67.0,ENGAGE,0.31384691791279423,0.0,0.0
748,100.0,0.0,60.0,100.0,57.0,ENGAGE,0.1839855563834154,0.0,0.09114973013897248
749,100.0,0.0,100.0,100.0,67.0,ENGAGE,0.7529294459419129,0.0,0.951383591696444
750,100.0,30.0,0.0,100.0,49.5,MONITOR,0.22404682272449358,0.0,0.0
751,100.0,0.0,54.087363938654676,100.0,55.52184098466367,ENGAGE,0.4393906380706515,0.0,0.0
752,100.0,100.0,100.0,100.0,92.0,INTERVENE,0.28868950997821397,0.15326637915451916,0.0
753,100.0,0.0,100.0,100.0,67.0,ENGAGE,0.19105593907623303,0.0,0.0576043346593903
754,20.0,0.0,0.0,100.0,18.0,MONITOR,0.35643308333036955,0.0,0.0
755,20.0,100.0,100.0,100.0,68.0,ENGAGE,0.2453199667938712,0.04567296615236404,0.0
756,100.0,0.0,100.0,100.0,67.0,ENGAGE,0.49303719778252675,0.0,0.0
757,100.0,0.0,100.0,100.0,67.0,ENGAGE,0.14793916722335335,0.0,0.0
758,100.0,100.0,100.0,100.0,92.0,INTERVENE,0.8479740727658702,0.35587320259840516,0.2507298577930297
759,100.0,0.0,0.0,100.0,42.0,MONITOR,0.12998721419253292,0.0,0.43936993604950797
760,100.0,100.0,30.0,100.0,74.5,ENGAGE,0.0941478033119884,0.6263226974012547,0.4013034351746189
761,100.0,100.0,100.0,100.0,92.0,INTERVENE,0.43055701451943484,0.0,0.0
762,100.0,100.0,100.0,100.0,92.0,INTERVENE,0.2449075843330351,0.38962437826940954,0.1780475698832499
763,80.0,100.0,0.0,100.0,61.0,ENGAGE,0.2403905264386329,0.053238810459534935,0.0
764,100.0,100.0,100.0,100.0,92.0,INTERVENE,0.29513494313557087,0.0,0.14630689057393248
765,100.0,100.0,0.0,100.0,67.0,ENGAGE,0.08109173567724731,0.459226502057603,0.42887524858239845
766,100.0,100.0,0.0,100.0,67.0,ENGAGE,0.12798506450767191,0.43219948261571445,0.5841355296886431
767,100.0,100.0,100.0,100.0,92.0,INTERVENE,0.2025722857208368,0.07789034113110022,0.0
768,100.0,100.0,0.0,100.0,67.0,ENGAGE,0.3486647643795435,0.133231883497718,0.3309958494103729
769,100.0,100.0,100.0,100.0,92.0,INTERVENE,0.08750966923892683,0.0293528115265686,0.9305137067496966
770,100.0,90.98702688518277,100.0,100.0,89.7467567212957,INTERVENE,0.3409783301248926,0.0,0.0
771,100.0,100.0,0.0,100.0,67.0,ENGAGE,0.07042490233932205,0.6711949257552164,0.7449984102287699
772,40.0,100.0,100.0,100.0,74.0,ENGAGE,0.3079762826397607,0.2602216386789808,0.0
773,100.0,100.0,0.0,100.0,67.0,ENGAGE,0.05597101240989519,0.19115062648207845,0.9648737612475383
774,100.0,100.0,0.0,100.0,67.0,ENGAGE,0.44047214909191346,0.0,0.2104971098632374
775,100.0,100.0,0.0,100.0,67.0,ENGAGE,0.350041326787679,0.0,0.0
776,100.0,100.0,0.0,100.0,67.0,ENGAGE,0.20299064914168735,0.11826403742856723,0.34285531843637507
777,100.0,0.0,100.0,100.0,67.0,ENGAGE,1.0,0.0,0.0
778,80.0,100.0,100.0,100.0,86.0,INTERVENE,0.12363284321030042,0.04234112027262818,0.0
779,40.0,0.0,100.0,100.0,49.0,MONITOR,0.216231211150206,0.0,0.0
780,60.0,37.61393440496086,100.0,100.0,64.40348360124021,ENGAGE,0.4724670328078693,0.0,0.0
781,100.0,0.0,100.0,100.0,67.0,ENGAGE,0.22932509273865845,0.0,0.21700790379266185
782,0.0,0.0,0.0,100.0,12.0,MONITOR,0.37958078332327755,0.0,0.0
783,100.0,100.0,100.0,100.0,92.0,INTERVENE,0.14088970090710146,0.06761796479166521,0.09096379650936394
784,100.0,100.0,0.0,100.0,67.0,ENGAGE,0.2729499130309513,0.0,0.0
785,100.0,100.0,100.0,100.0,92.0,INTERVENE,0.2697008505006797,0.0,0.0
786,100.0,30.0,0.0,100.0,49.5,MONITOR,0.07380489718335394,0.0,0.0
787,100.0,100.0,100.0,100.0,92.0,INTERVENE,0.2695402493729627,0.21449667954969376,0.0
788,100.0,100.0,0.0,100.0,67.0,ENGAGE,0.2686095344713893,0.13387078455789506,0.36656668620637384
789,100.0,100.0,0.0,100.0,67.0,ENGAGE,0.09172736217165088,0.49953703376039676,0.9826159413880964
790,40.0,100.0,100.0,100.0,74.0,ENGAGE,0.29952023453296805,0.0,0.0
791,100.0,90.43881865327106,0.0,100.0,64.60970466331776,ENGAGE,0.33070901537245606,0.0,0.2977726548119954
792,0.0,30.0,100.0,100.0,44.5,MONITOR,0.22905573259080095,0.0,0.0
793,100.0,100.0,100.0,100.0,92.0,INTERVENE,0.3812887354916384,0.1351434930705141,0.18132855991748317
794,100.0,100.0,0.0,100.0,67.0,ENGAGE,0.2051074891286468,0.18458594714958806,0.0
795,100.0,30.0,100.0,100.0,74.5,ENGAGE,0.17031041507457234,0.0,0.0
796,100.0,100.0,100.0,100.0,92.0,INTERVENE,0.13212153762104817,0.0,0.0
797,40.0,100.0,100.0,100.0,74.0,ENGAGE,0.16250442062981507,0.03169539710771887,0.0
798,100.0,100.0,0.0,100.0,67.0,ENGAGE,0.07712543787301177,0.31970108323498564,0.30844436369691397
799,100.0,100.0,0.0,100.0,67.0,ENGAGE,0.22143703392992115,0.3079782754913172,0.26875877574102913
800,100.0,100.0,100.0,100.0,92.0,INTERVENE,0.3900087234519147,0.042644516949262065,0.0
801,100.0,39.944775064512875,100.0,100.0,76.98619376612822,INTERVENE,0.44434292926723146,0.0,0.0
802,100.0,100.0,0.0,100.0,67.0,ENGAGE,0.1135378014257868,0.44637168626394563,0.42776532051245736
803,100.0,100.0,0.0,100.0,67.0,ENGAGE,0.20082888252176465,0.07923927935335585,0.0
804,100.0,6.615427227810722,100.0,100.0,68.65385680695269,ENGAGE,0.21304018510927267,0.0,0.9342432227259612
805,100.0,0.0,13.811557029886792,100.0,45.452889257471696,MONITOR,0.5428451370172436,0.0,0.9126302818291975
806,100.0,100.0,100.0,100.0,92.0,INTERVENE,0.3159925831700203,0.31172171705682467,0.9808474613693868
807,40.0,66.48274911606158,100.0,100.0,65.6206872790154,ENGAGE,0.3650693016190692,0.0,0.0
808,100.0,100.0,100.0,100.0,92.0,INTERVENE,0.2130490882836496,0.0038847926414693947,0.8860832796210543
809,20.0,100.0,100.0,100.0,68.0,ENGAGE,0.10464774287915662,0.26740731107428684,0.0
810,100.0,0.0,100.0,100.0,67.0,ENGAGE,1.0,0.0,0.0
811,100.0,0.0,100.0,100.0,67.0,ENGAGE,0.2574705483579394,0.0,0.0
812,100.0,0.0,100.0,100.0,67.0,ENGAGE,1.0,0.0,0.0
813,100.0,33.69767118480631,0.0,100.0,50.42441779620158,MONITOR,0.11717781196324052,0.0,0.21412007780659828
814,100.0,100.0,100.0,100.0,92.0,INTERVENE,0.17765866558120771,0.22788043661198373,0.27030459548848584
815,100.0,100.0,0.0,100.0,67.0,ENGAGE,0.02119124094232038,0.0,0.0
816,100.0,0.0,100.0,100.0,67.0,ENGAGE,0.153606258971404,0.0,0.0
817,100.0,100.0,0.0,100.0,67.0,ENGAGE,0.3208708513317485,0.031228783729280684,0.06179948251793489
818,100.0,100.0,100.0,100.0,92.0,INTERVENE,0.8945412879247547,0.0,0.0
819,100.0,0.0,100.0,100.0,67.0,ENGAGE,0.2735665785214625,0.0,0.0
820,100.0,30.0,100.0,100.0,74.5,ENGAGE,0.9854368361497747,0.0,0.0
821,100.0,100.0,0.0,100.0,67.0,ENGAGE,0.17208560910499385,0.11658738104069742,0.28726374137504745
822,100.0,100.0,100.0,100.0,92.0,INTERVENE,1.0,0.06227780622219142,0.8091593264934924
823,60.0,51.53443671211968,100.0,100.0,67.88360917802993,ENGAGE,0.4084733702301836,0.0,0.0
824,100.0,100.0,0.0,100.0,67.0,ENGAGE,0.376976612142195,0.1793458582859644,0.6451595061168015
825,100.0,100.0,100.0,100.0,92.0,INTERVENE,0.12981022114702384,0.05105782943274857,0.18375863376529078
826,100.0,100.0,0.0,100.0,67.0,ENGAGE,0.1752576586926708,0.23639395339663652,0.22214141631303705
827,100.0,0.0,87.01364951775192,100.0,63.753412379437975,ENGAGE,0.2992662588952382,0.0,0.0
828,40.0,0.0,100.0,100.0,49.0,MONITOR,0.16743830234785811,0.0,0.0
829,100.0,0.0,100.0,100.0,67.0,ENGAGE,0.9306898254122296,0.0,0.9026267755416043
830,20.0,85.20990781690975,100.0,100.0,64.30247695422744,ENGAGE,0.6457257500651749,0.0243456879476885,0.0
831,100.0,0.0,100.0,100.0,67.0,ENGAGE,0.09102665556773872,0.0,0.9652406834429935
832,100.0,100.0,0.0,100.0,67.0,ENGAGE,0.46540330171905187,0.39007124659585324,0.20364237601383364
833,100.0,30.863607568637484,100.0,100.0,74.71590189215937,ENGAGE,0.2257785645896304,0.0,0.0
834,20.0,100.0,100.0,100.0,68.0,ENGAGE,1.0,0.0,0.0
835,100.0,100.0,0.0,100.0,67.0,ENGAGE,0.30895783858782194,0.0,0.3152524152620966
836,40.0,0.0,100.0,100.0,49.0,MONITOR,0.2608613122395647,0.0,0.0
837,20.0,30.0,100.0,100.0,50.5,MONITOR,0.10133279643009628,0.0,0.0
838,100.0,100.0,100.0,100.0,92.0,INTERVENE,0.23290829194536739,0.30122074497958595,0.43425942376768895
839,100.0,100.0,0.0,100.0,67.0,ENGAGE,0.20845867055208056,0.13637991274136063,0.3412819180001458
840,100.0,0.0,100.0,100.0,67.0,ENGAGE,0.5761346105239374,0.0,0.3337936692409774
841,40.0,0.0,100.0,100.0,49.0,MONITOR,0.4342603558624189,0.0,0.0
842,100.0,100.0,0.0,100.0,67.0,ENGAGE,0.1606108908857083,0.0,0.0
843,20.0,0.0,100.0,100.0,43.0,MONITOR,0.16697883604874525,0.0,0.0
844,100.0,100.0,100.0,100.0,92.0,INTERVENE,0.16433517677380094,0.16621861437457366,0.03662501053285277
845,20.0,100.0,100.0,100.0,68.0,ENGAGE,0.29190776495003834,0.05097911876202831,0.0
846,100.0,0.0,100.0,100.0,67.0,ENGAGE,0.5321666469704484,0.0,0.0
847,100.0,59.81474949410287,100.0,100.0,81.95368737352572,INTERVENE,0.7331343304086002,0.0,0.0
848,100.0,100.0,0.0,100.0,67.0,ENGAGE,0.17679106214042115,0.0,0.2124203176701759
849,100.0,30.0,0.0,100.0,49.5,MONITOR,0.3338954700102473,0.0,0.23603410016040358
850,100.0,0.0,100.0,100.0,67.0,ENGAGE,0.1166853570749168,0.0,0.08866391764423207
851,40.0,0.0,100.0,100.0,49.0,MONITOR,1.0,0.0,0.0
852,100.0,100.0,100.0,100.0,92.0,INTERVENE,0.5232769327690765,0.0,0.0
853,100.0,30.0,100.0,100.0,74.5,ENGAGE,0.19160197634778722,0.0,0.0
854,100.0,100.0,0.0,100.0,67.0,ENGAGE,0.2129932936013904,0.24624649407429547,0.00541291814406896
855,100.0,100.0,60.0,100.0,82.0,INTERVENE,0.12092169048435822,0.2391994209065711,0.3069340615374393
856,100.0,100.0,0.0,100.0,67.0,ENGAGE,0.34175157363810443,0.3884917004775314,0.318614343855267
857,100.0,100.0,0.0,100.0,67.0,ENGAGE,0.4109136136069766,0.17994052396792073,0.430397665107466
858,100.0,100.0,0.0,100.0,67.0,ENGAGE,0.29251326148372697,0.2688671824157832,0.020180535054973997
859,100.0,100.0,100.0,100.0,92.0,INTERVENE,0.24753317674350972,0.04404896097883443,0.23179414902464124
860,100.0,100.0,100.0,100.0,92.0,INTERVENE,0.9501509835787872,0.0,0.0
861,100.0,100.0,55.53293855104955,100.0,80.88323463776238,INTERVENE,0.2963132341899537,0.0,0.3548232470845553
862,100.0,100.0,100.0,100.0,92.0,INTERVENE,0.06609612544037076,0.46196321396617157,0.020000510060935874
863,100.0,100.0,0.0,100.0,67.0,ENGAGE,0.5655557144947768,0.1577928770227204,0.0068566317984295804
864,0.0,32.59763991572809,100.0,100.0,45.14940997893202,MONITOR,0.2831285170201653,0.0,0.0
865,100.0,0.0,100.0,100.0,67.0,ENGAGE,0.18714902918234302,0.0,0.0
866,100.0,0.0,100.0,100.0,67.0,ENGAGE,0.22967163301349702,0.0,0.0
867,20.0,0.0,100.0,100.0,43.0,MONITOR,0.7835349468963415,0.0,0.0
868,100.0,100.0,0.0,100.0,67.0,ENGAGE,0.09694577196392799,0.37420482195602234,0.27068958555711775
869,100.0,100.0,100.0,100.0,92.0,INTERVENE,0.1021805108172924,0.06943981103334243,0.18310335691321702
870,100.0,100.0,0.0,100.0,67.0,ENGAGE,0.44995794506654,0.3865930508189186,0.19605869809198725
871,100.0,100.0,0.0,100.0,67.0,ENGAGE,0.36301518531072197,0.3025203237344722,0.0
872,100.0,30.0,51.150956229783674,100.0,62.28773905744592,ENGAGE,0.11563253303940885,0.0,0.12919476192455245
873,100.0,100.0,0.0,100.0,67.0,ENGAGE,0.34671353092958357,0.07458010667849352,0.4758846687455294
874,100.0,100.0,0.0,100.0,67.0,ENGAGE,0.23872393106175122,0.22532341072180817,0.9164864127256
875,100.0,0.0,100.0,100.0,67.0,ENGAGE,0.2997907440718704,0.0,0.0
876,100.0,100.0,0.0,100.0,67.0,ENGAGE,0.20213375504632294,0.05536980640924447,0.0
877,100.0,100.0,0.0,100.0,67.0,ENGAGE,0.12267759739074995,0.27706548451340646,0.26265347213280826
878,100.0,0.0,100.0,100.0,67.0,ENGAGE,0.22058713563238727,0.0,0.0
879,100.0,100.0,0.0,100.0,67.0,ENGAGE,0.17883139173765036,0.13389435481267872,0.01373445350972985
880,20.0,100.0,100.0,100.0,68.0,ENGAGE,0.7673537155014644,0.3292453606778409,0.0
881,100.0,0.0,100.0,100.0,67.0,ENGAGE,0.1546111759474156,0.0,0.06450913480193127
882,100.0,0.0,100.0,100.0,67.0,ENGAGE,0.5590210787675187,0.0,0.963321284027914
883,100.0,100.0,0.0,100.0,67.0,ENGAGE,0.07193870585670221,0.099075465602733,0.42112809358420644
884,100.0,100.0,0.0,100.0,67.0,ENGAGE,0.2824676103558089,0.030876492543822416,0.0
885,100.0,67.57086330563683,100.0,100.0,83.89271582640922,INTERVENE,0.7272207522710318,0.0,0.0
886,100.0,100.0,100.0,100.0,92.0,INTERVENE,0.0890660754647723,0.0,0.0
887,100.0,100.0,100.0,100.0,92.0,INTERVENE,0.1854297232709749,0.3583963583406572,0.17455243164844408
888,100.0,100.0,100.0,100.0,92.0,INTERVENE,0.5195880829126832,0.0,0.0
889,100.0,100.0,0.0,100.0,67.0,ENGAGE,0.3472766712153978,0.0038414022376111,0.0
890,100.0,0.0,100.0,100.0,67.0,ENGAGE,0.2038546707735946,0.0,0.10694421514567477
891,100.0,100.0,0.0,100.0,67.0,ENGAGE,0.04687553560548811,0.4850401586175942,0.9783674932302217
892,100.0,0.0,0.0,100.0,42.0,MONITOR,0.28061889651814664,0.0,0.0
893,100.0,100.0,0.0,100.0,67.0,ENGAGE,0.5519176455170504,0.1779962168433079,0.4788858667048901
894,100.0,0.0,0.0,100.0,42.0,MONITOR,0.24378984272470425,0.0,0.06554618269562536
895,100.0,100.0,0.0,100.0,67.0,ENGAGE,0.11434331815989483,0.6597200047249204,0.9665889801983534
896,100.0,100.0,100.0,100.0,92.0,INTERVENE,0.23410375525545637,0.2905412934059203,0.9291008531174256
897,20.0,0.0,0.0,100.0,18.0,MONITOR,0.41152852174971455,0.0,0.0
898,100.0,100.0,100.0,100.0,92.0,INTERVENE,1.0,0.18602212764073522,0.15365137543471624
899,100.0,100.0,0.0,100.0,67.0,ENGAGE,0.15666104537308648,0.049461551236948904,0.17805155543347073
900,100.0,100.0,0.0,100.0,67.0,ENGAGE,0.11430224670048322,0.7275708413262741,0.6323822614656226
901,100.0,0.0,100.0,100.0,67.0,ENGAGE,0.6814407450439919,0.0,0.0
902,100.0,100.0,100.0,100.0,92.0,INTERVENE,0.1058386461370672,0.0,0.9208889485550451
903,40.0,0.0,100.0,100.0,49.0,MONITOR,0.0744357161667251,0.0,0.0
904,100.0,100.0,100.0,100.0,92.0,INTERVENE,0.28588677070579543,0.2320856656828263,0.0
905,100.0,100.0,90.0,100.0,89.5,INTERVENE,0.2523207361897173,0.23604707859483406,0.4711659771496421
906,100.0,0.0,33.58676907221698,100.0,50.396692268054245,MONITOR,0.14223521993289712,0.0,0.209351769001304
907,100.0,36.85128120191644,0.0,100.0,51.21282030047911,ENGAGE,0.6092114964168928,0.0,0.0
908,100.0,100.0,0.0,100.0,67.0,ENGAGE,0.06866408134044114,0.4731755336216333,0.0
909,100.0,0.0,100.0,100.0,67.0,ENGAGE,0.3647043008676484,0.0,0.0
910,100.0,0.0,100.0,100.0,67.0,ENGAGE,0.3254334519868669,0.0,0.0
911,40.0,0.0,100.0,100.0,49.0,MONITOR,0.27995452728373493,0.0,0.0
912,40.0,0.0,100.0,100.0,49.0,MONITOR,0.3063229427970794,0.0,0.0
913,100.0,100.0,0.0,100.0,67.0,ENGAGE,0.2689548505808063,0.3671972288472625,0.324630029330603
914,100.0,100.0,0.0,100.0,67.0,ENGAGE,0.10854517648342157,0.19547706609590154,0.34964179235362947
915,100.0,100.0,0.0,100.0,67.0,ENGAGE,0.6160669601828849,0.039596355376471035,0.3198936972694419
916,100.0,100.0,100.0,100.0,92.0,INTERVENE,0.12936252376870852,0.0,0.0
917,100.0,30.0,100.0,100.0,74.5,ENGAGE,0.2727498895172622,0.0,0.0
918,100.0,100.0,100.0,100.0,92.0,INTERVENE,0.17657313678409003,0.19625983548758666,0.0
919,100.0,100.0,100.0,100.0,92.0,INTERVENE,0.37945770151097197,0.0,0.0
920,100.0,100.0,100.0,100.0,92.0,INTERVENE,0.47875269326541364,0.11809363714603155,0.0
921,100.0,100.0,0.0,100.0,67.0,ENGAGE,0.34655712918809456,0.1203576523522788,0.9438292065138622
922,100.0,100.0,0.0,100.0,67.0,ENGAGE,0.1624748650283827,0.22633812560413416,0.1559201639746182
923,100.0,40.29132953052836,100.0,100.0,77.07283238263209,INTERVENE,0.24379738853025998,0.0,0.0
924,100.0,0.0,0.0,100.0,42.0,MONITOR,0.21787470288840036,0.0,0.11604424254861345
925,100.0,100.0,100.0,100.0,92.0,INTERVENE,0.49667379636592773,0.0,0.0
926,100.0,100.0,100.0,100.0,92.0,INTERVENE,0.3021790049013594,0.197244841682842,0.004098796620364189
927,100.0,100.0,100.0,100.0,92.0,INTERVENE,0.6830159969134172,0.19773451349018936,0.9341450958572463
928,100.0,100.0,0.0,100.0,67.0,ENGAGE,0.05193109637516072,0.16082872165567316,0.12109402297045006
929,100.0,0.0,100.0,100.0,67.0,ENGAGE,0.32881830542779045,0.0,0.0
930,100.0,49.72881256918388,100.0,100.0,79.43220314229598,INTERVENE,0.24087909321391698,0.0,0.0
931,20.0,100.0,0.0,100.0,43.0,MONITOR,0.5785035978993402,0.0,0.0
932,100.0,100.0,100.0,100.0,92.0,INTERVENE,0.24267893928616116,0.45771309294913587,0.010691575230168868
933,100.0,100.0,0.0,100.0,67.0,ENGAGE,0.14619264870336027,0.18522010931299573,0.9537557769157943
934,100.0,0.0,49.68971123398466,100.0,54.42242780849617,ENGAGE,0.10865996133567551,0.0,0.04720864811058998
935,100.0,100.0,0.0,100.0,67.0,ENGAGE,0.40809149634558284,0.36639991835033386,0.9528855312872684
936,20.0,100.0,100.0,100.0,68.0,ENGAGE,0.10476019559638292,0.07126559134782058,0.0
937,100.0,100.0,0.0,100.0,67.0,ENGAGE,0.22142915291720378,0.07319951676765414,0.2827631777458349
938,100.0,0.0,38.491937602795005,100.0,51.622984400698755,ENGAGE,0.17510075595255228,0.0,0.0
939,20.0,0.0,100.0,100.0,43.0,MONITOR,0.7152234050615719,0.0,0.0
940,100.0,23.514311168769396,100.0,100.0,72.87857779219235,ENGAGE,0.7372742029669908,0.0,0.7916748031496793
941,20.0,100.0,0.0,100.0,43.0,MONITOR,0.2495533290044415,0.30282971847469226,0.0
942,100.0,100.0,0.0,100.0,67.0,ENGAGE,0.1810601330230153,0.2219261378960532,0.26841320240501265
943,100.0,100.0,0.0,100.0,67.0,ENGAGE,0.10847182228516644,0.25331892361027464,0.971978111846828
944,100.0,0.0,100.0,100.0,67.0,ENGAGE,0.39528501754041917,0.0,0.6673020736636649
945,100.0,100.0,44.805938001142195,100.0,78.20148450028555,INTERVENE,0.17345862958574595,0.13178495259655884,0.22830090832839867
946,100.0,100.0,100.0,100.0,92.0,INTERVENE,0.03656294086154255,0.0,0.9215504026138194
947,100.0,100.0,100.0,100.0,92.0,INTERVENE,0.36746707933928824,0.11758326671729671,0.0
948,100.0,100.0,0.0,100.0,67.0,ENGAGE,0.08291182414926587,0.19761057087849931,0.14621282404996838
949,100.0,100.0,0.0,100.0,67.0,ENGAGE,0.2805722570117214,0.2515927053864611,0.35093221244811007
950,100.0,100.0,100.0,100.0,92.0,INTERVENE,0.17822987783979652,0.0,0.0
951,100.0,100.0,0.0,100.0,67.0,ENGAGE,0.15899836982891874,0.4753533187784465,0.2523215586129002
952,100.0,74.63617366763779,100.0,100.0,85.65904341690944,INTERVENE,0.09170937990842176,0.02132462104789651,0.0
953,100.0,100.0,0.0,100.0,67.0,ENGAGE,0.10873135428352737,0.444312970545522,0.161355335016452
954,100.0,100.0,100.0,100.0,92.0,INTERVENE,0.8373788719881956,0.22913172211330365,0.422394206628242
955,100.0,52.04499687689669,0.0,100.0,55.01124921922417,ENGAGE,0.10705647815642015,0.01486999910768477,0.0
956,100.0,100.0,0.0,100.0,67.0,ENGAGE,0.393006260774352,0.23118040911941423,0.48151358935891253
957,100.0,0.0,100.0,100.0,67.0,ENGAGE,0.18398768281799066,0.0,0.7878538569330003
958,60.0,100.0,0.0,100.0,55.0,ENGAGE,0.06939460918206213,0.188456814599917,0.0
959,100.0,100.0,100.0,100.0,92.0,INTERVENE,0.3482479764406763,0.23436954372326593,0.9389476071015741
960,100.0,100.0,0.0,100.0,67.0,ENGAGE,0.10997209817334176,0.40697215511922036,0.20871632788561698
961,100.0,100.0,0.0,100.0,67.0,ENGAGE,0.08151780113808618,0.46639811628883876,0.33142934431667626
962,100.0,100.0,100.0,100.0,92.0,INTERVENE,0.2853993540272471,0.20058754712382965,0.25249027808861785
963,100.0,81.72354735292569,100.0,100.0,87.43088683823143,INTERVENE,0.6586127227975376,0.0,0.0
964,100.0,100.0,100.0,100.0,92.0,INTERVENE,0.25191844200460095,0.0,0.0
965,100.0,100.0,0.0,100.0,67.0,ENGAGE,0.10825474317934768,0.3207131222985107,0.4316703561214372
966,100.0,100.0,0.0,100.0,67.0,ENGAGE,0.14015059469156754,0.0,0.0
967,100.0,100.0,0.0,100.0,67.0,ENGAGE,0.12746781539777896,0.30727464149353584,0.9686026887099217
968,100.0,0.0,100.0,100.0,67.0,ENGAGE,0.28432739768239546,0.0,0.0
969,100.0,100.0,100.0,100.0,92.0,INTERVENE,0.23546382319947906,0.0,0.0
970,100.0,100.0,100.0,100.0,92.0,INTERVENE,0.19106017143018084,0.0,0.0
971,100.0,100.0,0.0,100.0,67.0,ENGAGE,0.12143336122592302,0.36832095699188133,0.3720025296398913
972,100.0,100.0,0.0,100.0,67.0,ENGAGE,0.0779039316145572,0.6788590221841538,0.9778273210277469
973,100.0,100.0,0.0,100.0,67.0,ENGAGE,0.10248708833458572,0.41096930928408165,0.3610300245477623
974,80.0,0.0,100.0,100.0,61.0,ENGAGE,0.3084803529857261,0.0,0.0
975,100.0,0.0,0.0,100.0,42.0,MONITOR,0.32380480220905156,0.0,0.015491163648594191
976,100.0,0.0,100.0,100.0,67.0,ENGAGE,0.07724591755583966,0.0,0.0
977,100.0,100.0,0.0,100.0,67.0,ENGAGE,0.11868009461586067,0.17883767986053958,0.25688651543219754
978,100.0,0.0,100.0,100.0,67.0,ENGAGE,0.1082148146252266,0.0,0.04304115239439329
979,100.0,100.0,100.0,100.0,92.0,INTERVENE,1.0,0.0,0.0
980,100.0,100.0,0.0,100.0,67.0,ENGAGE,0.0830263148174579,0.5449994131479339,0.5306285859352382
981,100.0,0.0,0.0,100.0,42.0,MONITOR,0.27144471101638257,0.0,0.21332383313330158
982,100.0,100.0,100.0,100.0,92.0,INTERVENE,1.0,0.0,0.0
983,100.0,100.0,0.0,100.0,67.0,ENGAGE,0.059198836352277344,0.0,0.3013428260683991
984,100.0,0.0,100.0,100.0,67.0,ENGAGE,0.1030147930482026,0.0,0.9297487348145357
985,100.0,100.0,100.0,100.0,92.0,INTERVENE,0.3824807177696091,0.0,0.0
986,60.0,100.0,0.0,100.0,55.0,ENGAGE,0.11179383759695169,0.16450212385346236,0.0
987,100.0,100.0,0.0,100.0,67.0,ENGAGE,0.3305894404478604,0.319281210496741,0.0
988,100.0,100.0,100.0,100.0,92.0,INTERVENE,0.38228413867228117,0.03476790051751187,0.8171567848630346
989,100.0,100.0,0.0,100.0,67.0,ENGAGE,0.29046447728020797,0.4549070223313964,0.517767508438696
990,100.0,100.0,0.0,100.0,67.0,ENGAGE,0.14934903732779117,0.044171479973948914,0.03972218874319712
991,100.0,100.0,0.0,100.0,67.0,ENGAGE,0.22209161429440144,0.3116349783801474,0.3603972192770635
992,100.0,100.0,0.0,100.0,67.0,ENGAGE,0.19460789950598587,0.15927095010958417,0.22668238145097486
993,100.0,100.0,100.0,100.0,92.0,INTERVENE,0.38425421118096587,0.07464171991231423,0.9506240648834172
994,100.0,100.0,0.0,100.0,67.0,ENGAGE,0.06704992866566274,0.3140668609438771,0.39619037636434823
995,20.0,0.0,0.0,100.0,18.0,MONITOR,0.49506401453285376,0.0,0.0
996,100.0,100.0,0.0,100.0,67.0,ENGAGE,0.1575169090203101,0.3213213106490529,0.500155745733515
997,100.0,100.0,100.0,100.0,92.0,INTERVENE,0.09557755440737531,0.0,0.899530831582728
998,100.0,0.0,100.0,100.0,67.0,ENGAGE,0.7973829018658666,0.0,0.0
999,20.0,18.906583259708924,100.0,100.0,47.72664581492723,MONITOR,0.18276927719307803,0.0,0.0
1000,100.0,100.0,100.0,100.0,92.0,INTERVENE,0.1859454379316806,0.0,0.0
